region,month,sst_c
european-seas,1982-06-01,17.772326948405347
european-seas,1982-07-01,20.311594652882114
european-seas,1982-08-01,21.10893425387886
european-seas,1983-06-01,17.257623574527535
european-seas,1983-07-01,20.311674626510623
european-seas,1983-08-01,20.998928968959
european-seas,1984-06-01,16.61421208570339
european-seas,1984-07-01,19.6202516241493
european-seas,1984-08-01,20.843342803103805
european-seas,1985-06-01,17.3920898066424
european-seas,1985-07-01,19.775492991108333
european-seas,1985-08-01,20.605808796429084
european-seas,1986-06-01,17.266916609493467
european-seas,1986-07-01,19.72160331732119
european-seas,1986-08-01,20.72127361288409
european-seas,1987-06-01,16.6435009162768
european-seas,1987-07-01,19.943387220003558
european-seas,1987-08-01,20.77568325427698
european-seas,1988-06-01,17.612887243899504
european-seas,1988-07-01,20.376275296717065
european-seas,1988-08-01,21.148063379542954
european-seas,1989-06-01,17.600334354424
european-seas,1989-07-01,20.45035897407535
european-seas,1989-08-01,21.380650898229955
european-seas,1990-06-01,17.71924177457274
european-seas,1990-07-01,20.22370940720927
european-seas,1990-08-01,21.468827987765554
european-seas,1991-06-01,16.770355525882607
european-seas,1991-07-01,19.905917816042695
european-seas,1991-08-01,21.360065299525004
european-seas,1992-06-01,17.689135445752367
european-seas,1992-07-01,19.874032676291964
european-seas,1992-08-01,21.302719392486487
european-seas,1993-06-01,17.83360172042301
european-seas,1993-07-01,19.531233926817546
european-seas,1993-08-01,20.761835148233203
european-seas,1994-06-01,17.24131962347672
european-seas,1994-07-01,20.571888513975427
european-seas,1994-08-01,21.61982548830575
european-seas,1995-06-01,17.871624544214264
european-seas,1995-07-01,20.55602327699349
european-seas,1995-08-01,21.90740100200326
european-seas,1996-06-01,17.517013115725835
european-seas,1996-07-01,19.73696185829422
european-seas,1996-08-01,21.09830924611876
european-seas,1997-06-01,17.96190836518922
european-seas,1997-07-01,20.324429019826628
european-seas,1997-08-01,21.72712427132456
european-seas,1998-06-01,17.95987775461962
european-seas,1998-07-01,20.18964394871881
european-seas,1998-08-01,21.36006697014415
european-seas,1999-06-01,18.219114113596554
european-seas,1999-07-01,20.794802109304758
european-seas,1999-08-01,21.99159619801302
european-seas,2000-06-01,18.05930069476978
european-seas,2000-07-01,20.091628152406138
european-seas,2000-08-01,21.378750136793503
european-seas,2001-06-01,17.82256584106314
european-seas,2001-07-01,20.80342943652092
european-seas,2001-08-01,21.76173021507182
european-seas,2002-06-01,18.163260757228684
european-seas,2002-07-01,20.619629241767086
european-seas,2002-08-01,21.687247754492446
european-seas,2003-06-01,19.009711626696838
european-seas,2003-07-01,21.57688131043302
european-seas,2003-08-01,22.72911255546289
european-seas,2004-06-01,17.95750578841805
european-seas,2004-07-01,20.490577255202744
european-seas,2004-08-01,21.878407422670033
european-seas,2005-06-01,18.270349101146206
european-seas,2005-07-01,20.921269563163957
european-seas,2005-08-01,21.42700922606857
european-seas,2006-06-01,18.126414122606644
european-seas,2006-07-01,21.34190344065258
european-seas,2006-08-01,22.030563074855593
european-seas,2007-06-01,18.620827585687294
european-seas,2007-07-01,20.65066037271114
european-seas,2007-08-01,21.52720362624059
european-seas,2008-06-01,18.55383163628892
european-seas,2008-07-01,20.921649554164258
european-seas,2008-08-01,21.70575442165809
european-seas,2009-06-01,18.665230906183726
european-seas,2009-07-01,21.186520075027193
european-seas,2009-08-01,21.85624345323874
european-seas,2010-06-01,18.33506225994699
european-seas,2010-07-01,21.266740424923338
european-seas,2010-08-01,22.035779828463074
european-seas,2011-06-01,18.30563245818409
european-seas,2011-07-01,20.575034371626646
european-seas,2011-08-01,21.411859602008647
european-seas,2012-06-01,18.567801112920794
european-seas,2012-07-01,20.992378970559393
european-seas,2012-08-01,22.15568285083078
european-seas,2013-06-01,17.952829768312718
european-seas,2013-07-01,20.975659064910637
european-seas,2013-08-01,21.97257869028208
european-seas,2014-06-01,18.673171541723708
european-seas,2014-07-01,21.222630757032103
european-seas,2014-08-01,22.021022811706256
european-seas,2015-06-01,18.220151380428582
european-seas,2015-07-01,21.1674374938892
european-seas,2015-08-01,21.96882046047997
european-seas,2016-06-01,18.786882424533545
european-seas,2016-07-01,21.199954990087384
european-seas,2016-08-01,21.74780586368113
european-seas,2017-06-01,18.826245270870125
european-seas,2017-07-01,20.91148486497711
european-seas,2017-08-01,21.864349273190548
european-seas,2018-06-01,19.00720978425113
european-seas,2018-07-01,21.59646323896517
european-seas,2018-08-01,22.430033781050614
european-seas,2019-06-01,18.645882394682804
european-seas,2019-07-01,21.224794224909928
european-seas,2019-08-01,22.058792956857644
european-seas,2020-06-01,18.37608152217378
european-seas,2020-07-01,20.809087816392186
european-seas,2020-08-01,22.201260835663437
european-seas,2021-06-01,18.645468863799497
european-seas,2021-07-01,21.56393847545653
european-seas,2021-08-01,22.210174433551032
european-seas,2022-06-01,19.20863088682424
european-seas,2022-07-01,21.504559666492526
european-seas,2022-08-01,22.65099097327094
european-seas,2023-06-01,19.353387836062833
european-seas,2023-07-01,21.833571990827373
european-seas,2023-08-01,22.29789329943185
european-seas,2024-06-01,19.182338974066067
european-seas,2024-07-01,21.60672297922603
european-seas,2024-08-01,22.749188867478473
european-seas,2025-06-01,19.37826804365077
european-seas,2025-07-01,22.00763494686019
european-seas,2025-08-01,22.3089239971867
european-seas,2026-06-01,19.56240036814767
european-seas,2026-07-01,22.209130554490837
european-seas,2026-08-01,23.076762745360295
