date,1991_2020_average_c,marine_heatwave_threshold_c,1982,1983,1984,1985,1986,1987,1988,1989,1990,1991,1992,1993,1994,1995,1996,1997,1998,1999,2000,2001,2002,2003,2004,2005,2006,2007,2008,2009,2010,2011,2012,2013,2014,2015,2016,2017,2018,2019,2020,2021,2022,2023,2024,2025,2026
2000-01-01,12.9,13.4,12.7,12.6,13.1,12.6,12.8,12.4,12.5,12.6,12.9,12.8,12.4,12.3,12.3,12.9,12.8,12.6,13.1,12.8,12.7,13.0,12.8,13.0,12.8,13.0,12.8,13.3,12.8,12.6,12.9,12.6,13.0,12.9,13.0,13.1,13.4,13.1,12.9,13.2,13.3,13.4,13.3,14.2,13.7,13.7,13.7
2000-01-02,12.9,13.3,12.8,12.6,12.9,12.6,12.9,12.4,12.5,12.5,12.9,12.9,12.4,12.2,12.3,12.9,12.8,12.6,13.1,12.8,12.7,13.0,12.7,13.1,12.8,12.9,12.7,13.3,12.7,12.5,12.8,12.6,13.0,12.9,13.0,13.1,13.3,13.1,12.9,13.1,13.2,13.4,13.2,14.2,13.7,13.7,13.6
2000-01-03,12.9,13.3,12.8,12.6,12.9,12.7,12.9,12.5,12.5,12.5,12.9,12.8,12.4,12.2,12.3,12.8,12.8,12.6,13.1,12.8,12.8,13.0,12.7,13.1,12.8,12.9,12.7,13.2,12.6,12.5,12.8,12.6,13.0,13.0,13.0,13.1,13.3,13.1,12.8,13.1,13.2,13.4,13.2,14.1,13.7,13.7,13.5
2000-01-04,12.8,13.2,12.8,12.6,12.8,12.6,12.9,12.4,12.5,12.5,12.8,12.8,12.4,12.2,12.4,12.8,12.7,12.6,13.1,12.8,12.8,13.0,12.6,13.1,12.7,12.8,12.6,13.2,12.5,12.4,12.7,12.6,13.0,13.0,13.0,13.0,13.3,13.0,12.8,13.0,13.2,13.3,13.2,14.1,13.7,13.7,13.5
2000-01-05,12.8,13.2,12.8,12.5,12.7,12.7,12.8,12.4,12.4,12.4,12.8,12.8,12.4,12.2,12.3,12.7,12.7,12.5,13.0,12.8,12.7,13.0,12.5,13.1,12.7,12.7,12.6,13.2,12.5,12.3,12.7,12.6,13.0,12.9,13.0,13.0,13.3,13.0,12.8,13.0,13.2,13.3,13.2,14.0,13.7,13.6,13.4
2000-01-06,12.7,13.2,12.7,12.6,12.6,12.5,12.9,12.2,12.4,12.4,12.8,12.7,12.4,12.1,12.3,12.6,12.7,12.4,13.0,12.8,12.6,13.0,12.5,13.1,12.7,12.7,12.6,13.1,12.6,12.3,12.6,12.6,12.9,12.8,13.0,12.9,13.2,12.9,12.8,12.9,13.1,13.2,13.1,14.0,13.6,13.6,13.3
2000-01-07,12.7,13.1,12.6,12.5,12.7,12.4,12.8,12.2,12.4,12.4,12.8,12.7,12.3,12.1,12.2,12.5,12.8,12.3,13.0,12.7,12.7,13.0,12.4,13.0,12.6,12.7,12.5,13.0,12.6,12.2,12.6,12.5,12.8,12.7,13.0,12.8,13.1,12.7,12.7,12.9,13.0,13.2,13.1,13.9,13.6,13.6,13.3
2000-01-08,12.7,13.1,12.5,12.6,12.6,12.3,12.8,12.1,12.3,12.4,12.8,12.7,12.3,12.1,12.2,12.5,12.8,12.3,13.0,12.6,12.6,12.9,12.4,12.9,12.5,12.7,12.5,13.1,12.5,12.2,12.5,12.5,12.8,12.7,13.0,12.7,13.1,12.6,12.7,12.8,13.0,13.2,13.0,13.9,13.5,13.6,13.3
2000-01-09,12.6,13.0,12.5,12.4,12.5,12.4,12.7,12.1,12.3,12.4,12.7,12.6,12.3,12.1,12.1,12.5,12.7,12.2,13.0,12.6,12.6,12.9,12.4,12.9,12.5,12.7,12.4,13.1,12.5,12.1,12.5,12.5,12.8,12.6,12.9,12.7,13.1,12.6,12.7,12.8,13.0,13.2,13.0,13.9,13.4,13.5,13.2
2000-01-10,12.6,13.0,12.5,12.4,12.4,12.2,12.7,12.0,12.2,12.4,12.7,12.6,12.3,12.1,12.0,12.4,12.7,12.3,13.0,12.5,12.5,12.8,12.4,12.8,12.5,12.7,12.4,13.1,12.5,12.1,12.4,12.5,12.7,12.5,12.9,12.8,13.2,12.6,12.6,12.7,12.9,13.1,12.9,13.8,13.4,13.5,13.2
2000-01-11,12.6,12.9,12.6,12.3,12.4,12.2,12.6,12.0,12.6,12.4,12.7,12.5,12.3,12.0,12.1,12.4,12.7,12.2,12.9,12.4,12.4,12.8,12.4,12.8,12.5,12.7,12.3,13.1,12.5,12.1,12.3,12.4,12.6,12.5,12.9,12.8,13.2,12.6,12.5,12.6,12.9,13.0,12.9,13.8,13.4,13.5,13.1
2000-01-12,12.5,12.9,12.5,12.3,12.3,12.1,12.6,11.9,12.6,12.4,12.7,12.4,12.3,12.1,12.1,12.3,12.5,12.2,12.9,12.4,12.3,12.7,12.4,12.7,12.4,12.6,12.2,13.0,12.4,12.1,12.2,12.4,12.6,12.4,12.9,12.7,13.1,12.5,12.5,12.6,12.8,13.0,12.9,13.7,13.4,13.5,13.1
2000-01-13,12.5,12.9,12.5,12.2,12.3,12.1,12.5,11.9,12.5,12.3,12.6,12.3,12.3,12.2,12.1,12.3,12.5,12.2,12.9,12.4,12.3,12.6,12.3,12.6,12.3,12.6,12.2,13.0,12.4,12.1,12.2,12.4,12.6,12.4,12.8,12.7,13.1,12.4,12.5,12.5,12.7,13.0,12.9,13.7,13.3,13.4,13.1
2000-01-14,12.5,12.8,12.4,12.3,12.2,12.1,12.5,11.9,12.5,12.3,12.6,12.2,12.2,12.2,12.2,12.3,12.5,12.2,12.9,12.5,12.3,12.5,12.4,12.7,12.4,12.5,12.1,12.9,12.4,12.1,12.2,12.4,12.6,12.3,12.8,12.7,13.0,12.3,12.5,12.5,12.7,12.9,12.8,13.6,13.3,13.4,13.0
2000-01-15,12.4,12.8,12.4,12.2,12.2,12.1,12.4,11.9,12.4,12.3,12.6,12.1,12.2,12.2,12.1,12.2,12.5,12.2,12.8,12.4,12.2,12.5,12.3,12.7,12.4,12.4,12.1,12.9,12.4,12.1,12.2,12.5,12.5,12.2,12.7,12.6,13.0,12.3,12.5,12.4,12.7,12.9,12.8,13.6,13.3,13.3,13.0
2000-01-16,12.4,12.8,12.3,12.2,12.1,12.0,12.5,11.7,12.4,12.4,12.7,12.1,12.2,12.2,12.1,12.1,12.4,12.2,12.8,12.4,12.1,12.5,12.3,12.7,12.4,12.4,12.0,12.9,12.3,12.1,12.2,12.5,12.4,12.1,12.7,12.6,12.9,12.2,12.4,12.4,12.7,12.8,12.7,13.6,13.3,13.3,12.9
2000-01-17,12.4,12.7,12.4,12.1,12.2,11.9,12.3,11.7,12.3,12.4,12.7,12.1,12.2,12.2,12.0,12.1,12.4,12.2,12.8,12.4,12.1,12.5,12.2,12.7,12.3,12.3,12.0,12.9,12.4,12.1,12.2,12.4,12.3,12.1,12.6,12.6,12.8,12.2,12.4,12.4,12.7,12.8,12.7,13.5,13.3,13.3,12.9
2000-01-18,12.4,12.7,12.4,12.1,12.1,11.8,12.3,11.7,12.2,12.3,12.7,12.0,12.1,12.2,12.0,12.1,12.4,12.2,12.7,12.4,12.1,12.5,12.2,12.7,12.3,12.2,12.0,12.9,12.5,12.1,12.3,12.4,12.3,12.0,12.6,12.5,12.7,12.2,12.4,12.4,12.6,12.8,12.7,13.4,13.2,13.2,12.9
2000-01-19,12.3,12.7,12.4,12.1,12.1,11.8,12.2,11.7,12.2,12.2,12.7,12.0,12.1,12.2,11.9,12.1,12.3,12.1,12.6,12.4,12.2,12.5,12.2,12.6,12.2,12.2,12.1,13.0,12.5,12.1,12.2,12.3,12.3,12.1,12.5,12.5,12.6,12.2,12.3,12.3,12.6,12.7,12.6,13.3,13.2,13.2,12.8
2000-01-20,12.3,12.7,12.3,12.1,12.1,11.8,12.2,11.7,12.2,12.2,12.6,12.0,11.9,12.2,11.8,12.1,12.2,12.1,12.6,12.4,12.1,12.4,12.2,12.6,12.2,12.2,12.1,13.0,12.5,12.0,12.2,12.2,12.2,12.1,12.5,12.4,12.6,12.2,12.3,12.3,12.6,12.7,12.6,13.3,13.1,13.2,12.7
2000-01-21,12.3,12.6,12.3,12.0,12.1,11.9,12.1,11.7,12.2,12.1,12.7,12.0,11.9,12.1,11.8,12.1,12.2,12.1,12.5,12.4,12.0,12.4,12.2,12.6,12.1,12.1,12.1,12.9,12.5,12.0,12.2,12.2,12.3,12.1,12.5,12.4,12.6,12.1,12.3,12.3,12.5,12.7,12.6,13.2,13.1,13.2,12.6
2000-01-22,12.2,12.6,12.3,12.0,12.0,11.9,12.1,11.7,12.2,12.1,12.6,11.9,11.8,12.1,11.8,12.0,12.2,12.0,12.5,12.3,11.9,12.3,12.2,12.6,12.1,12.2,12.0,12.9,12.5,12.0,12.1,12.1,12.2,12.1,12.5,12.3,12.6,12.0,12.3,12.2,12.4,12.6,12.6,13.2,13.1,13.1,12.6
2000-01-23,12.2,12.6,12.2,11.9,12.1,12.0,12.1,11.7,12.2,12.1,12.5,11.9,11.8,12.1,11.8,12.0,12.2,12.0,12.4,12.3,11.9,12.3,12.1,12.6,12.0,12.2,12.0,12.7,12.5,12.0,12.1,12.1,12.1,12.0,12.4,12.3,12.6,12.0,12.3,12.2,12.4,12.6,12.5,13.1,13.1,13.1,12.5
2000-01-24,12.2,12.5,12.2,11.9,12.0,12.0,12.1,11.7,12.2,12.1,12.5,11.8,11.8,12.0,11.9,12.0,12.2,12.0,12.4,12.2,11.8,12.3,12.1,12.6,12.1,12.2,12.1,12.6,12.4,12.0,12.0,12.1,12.1,12.0,12.3,12.3,12.6,12.0,12.2,12.2,12.3,12.5,12.5,13.1,13.1,13.1,12.5
2000-01-25,12.2,12.5,12.3,11.8,12.0,12.0,12.0,11.7,12.2,12.1,12.6,11.8,11.8,12.0,12.0,12.0,12.1,11.9,12.3,12.2,11.8,12.3,12.2,12.5,12.1,12.1,12.1,12.6,12.3,12.0,11.8,12.0,12.1,11.9,12.3,12.3,12.5,12.0,12.2,12.2,12.3,12.5,12.4,13.1,13.1,13.1,12.5
2000-01-26,12.2,12.5,12.2,11.9,11.9,11.8,12.0,11.8,12.3,12.1,12.6,11.8,11.7,11.9,12.0,12.0,12.1,11.9,12.2,12.3,11.7,12.3,12.1,12.4,12.1,12.0,12.1,12.5,12.4,12.0,11.7,12.0,12.0,11.9,12.2,12.3,12.6,12.0,12.2,12.2,12.4,12.4,12.4,13.1,13.0,13.1,12.5
2000-01-27,12.1,12.5,12.3,11.9,11.9,11.9,11.9,11.8,12.3,12.1,12.6,11.7,11.6,11.8,11.9,12.0,12.0,11.9,12.2,12.3,11.7,12.3,12.2,12.4,12.1,12.0,12.1,12.5,12.4,11.9,11.7,11.9,12.0,12.0,12.2,12.2,12.5,11.9,12.2,12.2,12.3,12.4,12.4,13.0,13.0,13.1,12.5
2000-01-28,12.1,12.4,12.2,11.9,11.9,11.9,11.9,11.7,12.3,12.1,12.6,11.6,11.6,11.8,11.9,12.0,12.0,11.9,12.2,12.2,11.7,12.2,12.2,12.4,12.0,11.8,12.1,12.4,12.4,11.9,11.6,11.9,11.9,12.0,12.1,12.2,12.6,11.9,12.2,12.2,12.3,12.4,12.4,13.0,13.0,13.1,12.5
2000-01-29,12.1,12.4,12.1,11.7,11.9,11.9,11.8,11.7,12.3,12.0,12.5,11.6,11.6,11.7,11.8,12.0,12.0,11.9,12.2,12.2,11.7,12.2,12.3,12.4,12.0,11.7,12.1,12.4,12.3,11.9,11.6,11.9,11.8,12.1,12.1,12.1,12.6,11.9,12.2,12.1,12.3,12.4,12.4,12.9,12.9,13.0,12.5
2000-01-30,12.1,12.4,12.0,11.7,11.7,11.9,11.8,11.6,12.2,12.0,12.5,11.5,11.7,11.7,11.8,12.0,12.0,11.9,12.1,12.1,11.7,12.2,12.3,12.4,12.0,11.8,12.0,12.3,12.3,11.9,11.6,11.9,11.8,12.2,12.1,12.1,12.5,11.9,12.2,12.1,12.4,12.4,12.4,12.9,12.9,13.0,12.4
2000-01-31,12.0,12.4,12.1,11.8,11.7,11.9,11.8,11.5,12.2,12.0,12.5,11.5,11.7,11.6,11.7,12.0,11.9,11.9,12.1,12.1,11.8,12.2,12.3,12.4,12.0,11.9,12.0,12.3,12.2,11.9,11.7,11.8,11.8,12.2,12.0,12.0,12.6,11.9,12.1,12.1,12.4,12.4,12.4,12.8,12.8,13.0,12.4
2000-02-01,12.0,12.4,12.0,11.9,11.7,11.8,11.7,11.5,12.2,12.0,12.5,11.5,11.7,11.7,11.7,12.1,11.9,11.9,12.1,12.1,11.8,12.2,12.3,12.3,12.0,12.0,11.9,12.3,12.1,11.8,11.6,11.8,11.8,12.2,12.0,12.0,12.6,11.9,12.2,12.1,12.4,12.4,12.3,12.7,12.8,13.0,12.4
2000-02-02,12.0,12.3,12.0,11.9,11.8,11.9,11.6,11.6,12.2,12.0,12.4,11.5,11.7,11.7,11.7,12.1,11.9,11.9,12.1,12.2,11.8,12.1,12.3,12.2,12.0,12.0,11.8,12.3,12.1,11.8,11.6,11.8,11.8,12.1,12.0,12.0,12.6,11.9,12.1,12.1,12.5,12.4,12.3,12.7,12.8,12.9,12.3
2000-02-03,12.0,12.3,12.0,11.9,11.8,11.8,11.7,11.6,12.1,12.0,12.4,11.5,11.6,11.8,11.7,12.1,11.9,11.9,12.1,12.1,11.8,12.1,12.3,12.1,12.0,12.0,11.8,12.3,12.1,11.8,11.6,11.8,11.8,12.1,12.0,12.0,12.6,11.9,12.0,12.1,12.4,12.4,12.3,12.7,12.7,12.9,12.3
2000-02-04,12.0,12.3,12.1,11.8,11.9,11.9,11.6,11.6,12.1,12.0,12.4,11.4,11.6,11.8,11.7,12.1,11.9,11.9,12.2,12.1,11.8,12.1,12.3,12.1,12.1,11.9,11.7,12.2,12.1,11.8,11.7,11.8,11.8,12.0,12.0,12.0,12.5,11.9,12.0,12.1,12.4,12.4,12.3,12.6,12.8,12.8,12.3
2000-02-05,12.0,12.3,12.1,11.8,11.8,11.8,11.6,11.5,12.1,12.1,12.4,11.4,11.6,11.7,11.7,12.0,11.9,12.0,12.1,12.1,11.8,12.1,12.2,12.1,12.1,11.8,11.7,12.2,12.2,11.8,11.6,11.8,11.7,12.0,12.0,12.0,12.4,11.9,11.9,12.1,12.3,12.4,12.3,12.6,12.8,12.8,12.4
2000-02-06,11.9,12.3,12.1,11.7,11.8,11.9,11.5,11.5,12.1,12.1,12.4,11.4,11.6,11.7,11.6,12.1,11.8,12.0,12.1,12.0,11.8,12.1,12.2,12.1,12.1,11.7,11.7,12.2,12.1,11.8,11.7,11.9,11.7,12.0,12.1,11.9,12.4,11.9,11.9,12.0,12.2,12.4,12.3,12.6,12.8,12.8,12.4
2000-02-07,11.9,12.3,11.9,11.7,11.6,11.8,11.5,11.4,12.1,12.0,12.3,11.4,11.6,11.6,11.6,12.1,11.9,12.0,12.1,11.9,11.9,12.1,12.2,12.0,12.1,11.7,11.6,12.2,12.1,11.7,11.6,12.0,11.7,12.0,12.1,11.9,12.4,11.8,11.9,12.0,12.2,12.4,12.3,12.5,12.7,12.8,12.4
2000-02-08,11.9,12.3,11.9,11.6,11.7,11.8,11.4,11.5,12.1,12.0,12.3,11.4,11.6,11.6,11.5,12.0,11.8,12.1,12.1,11.8,11.9,12.1,12.2,12.0,12.1,11.6,11.7,12.2,12.1,11.6,11.5,12.0,11.7,11.9,12.1,11.8,12.4,11.8,11.9,12.0,12.1,12.3,12.3,12.4,12.7,12.8,12.4
2000-02-09,11.9,12.3,11.8,11.5,11.6,11.9,11.4,11.6,12.0,11.9,12.3,11.4,11.6,11.5,11.5,12.0,11.8,12.1,12.0,11.8,11.9,12.1,12.2,12.0,12.1,11.5,11.7,12.2,12.0,11.6,11.5,11.9,11.7,11.9,12.1,11.7,12.4,11.7,11.9,11.9,12.2,12.3,12.2,12.3,12.7,12.7,12.4
2000-02-10,11.9,12.2,11.9,11.3,11.6,11.9,11.4,11.6,11.9,11.9,12.2,11.4,11.6,11.5,11.5,12.0,11.8,12.1,12.0,11.8,11.9,12.1,12.2,11.9,12.1,11.5,11.7,12.2,12.0,11.6,11.4,11.9,11.8,11.9,12.1,11.7,12.4,11.7,11.9,11.9,12.2,12.2,12.2,12.3,12.7,12.7,12.3
2000-02-11,11.9,12.2,11.8,11.3,11.6,11.9,11.5,11.4,11.9,11.9,12.2,11.4,11.6,11.5,11.5,12.0,11.8,12.1,12.1,11.7,11.9,12.1,12.2,11.8,12.0,11.6,11.7,12.1,11.9,11.6,11.4,11.9,11.7,11.9,12.1,11.7,12.4,11.6,11.9,12.0,12.3,12.2,12.2,12.2,12.6,12.7,12.4
2000-02-12,11.9,12.2,11.8,11.3,11.7,11.9,11.5,11.4,11.8,11.9,12.1,11.4,11.7,11.5,11.5,12.1,11.8,12.1,12.2,11.7,11.8,12.1,12.3,11.8,12.0,11.6,11.7,12.2,11.8,11.6,11.4,11.9,11.7,11.8,12.0,11.6,12.4,11.6,11.8,12.0,12.2,12.2,12.2,12.2,12.7,12.7,12.4
2000-02-13,11.9,12.2,11.7,11.4,11.6,11.9,11.5,11.3,11.8,12.0,12.1,11.4,11.7,11.5,11.5,12.1,11.8,12.0,12.2,11.7,11.9,12.0,12.3,11.8,12.1,11.7,11.7,12.2,11.8,11.5,11.4,11.8,11.7,11.9,12.1,11.5,12.4,11.7,11.8,12.0,12.2,12.2,12.1,12.3,12.7,12.7,12.3
2000-02-14,11.9,12.2,11.8,11.4,11.6,11.9,11.5,11.3,11.8,12.0,12.0,11.3,11.7,11.5,11.4,12.2,11.8,12.0,12.2,11.7,11.8,12.0,12.2,11.7,12.0,11.7,11.6,12.3,11.8,11.4,11.4,11.8,11.7,11.9,12.1,11.5,12.4,11.6,11.8,12.0,12.2,12.1,12.1,12.2,12.7,12.7,12.3
2000-02-15,11.8,12.2,11.7,11.4,11.4,11.9,11.5,11.3,11.7,11.9,12.0,11.4,11.7,11.6,11.4,12.1,11.8,12.1,12.2,11.6,11.8,12.0,12.2,11.7,12.0,11.6,11.7,12.3,11.7,11.3,11.4,11.7,11.8,11.9,12.1,11.5,12.4,11.7,11.8,11.9,12.2,12.1,12.1,12.2,12.7,12.7,12.3
2000-02-16,11.8,12.2,11.8,11.4,11.4,11.9,11.4,11.4,11.7,11.9,12.1,11.4,11.7,11.6,11.4,12.1,11.8,12.0,12.2,11.6,11.7,12.0,12.2,11.7,12.0,11.6,11.7,12.3,11.7,11.3,11.4,11.8,11.8,11.9,12.0,11.5,12.4,11.6,11.8,11.9,12.2,12.1,12.1,12.2,12.7,12.6,12.3
2000-02-17,11.8,12.2,11.7,11.5,11.3,11.8,11.5,11.4,11.7,11.9,12.1,11.4,11.7,11.6,11.4,12.1,11.8,12.0,12.1,11.6,11.7,12.0,12.2,11.6,12.0,11.6,11.7,12.3,11.6,11.3,11.5,11.8,11.8,11.9,12.0,11.6,12.4,11.6,11.8,11.9,12.3,12.0,12.1,12.2,12.7,12.6,12.3
2000-02-18,11.8,12.2,11.7,11.5,11.4,11.6,11.4,11.4,11.7,11.8,12.1,11.3,11.7,11.6,11.4,12.0,11.8,12.0,12.1,11.7,11.7,12.0,12.1,11.6,11.9,11.6,11.7,12.2,11.7,11.3,11.5,11.8,11.8,11.9,12.0,11.6,12.3,11.6,11.8,11.8,12.2,12.0,12.2,12.3,12.7,12.7,12.2
2000-02-19,11.8,12.2,11.7,11.5,11.4,11.6,11.5,11.3,11.6,11.8,12.2,11.4,11.6,11.6,11.3,12.0,11.8,12.0,12.1,11.7,11.7,12.0,12.2,11.6,11.9,11.6,11.7,12.2,11.7,11.3,11.6,11.8,11.7,11.9,12.0,11.6,12.2,11.5,11.7,11.8,12.2,12.0,12.2,12.3,12.7,12.7,12.2
2000-02-20,11.8,12.2,11.7,11.4,11.6,11.6,11.4,11.3,11.7,11.9,12.2,11.4,11.5,11.5,11.3,12.0,11.7,12.0,12.2,11.7,11.7,12.0,12.1,11.6,11.7,11.6,11.7,12.2,11.8,11.4,11.6,11.7,11.7,11.9,12.0,11.6,12.2,11.5,11.8,11.8,12.2,12.1,12.2,12.4,12.7,12.7,12.2
2000-02-21,11.8,12.2,11.7,11.5,11.6,11.4,11.4,11.3,11.7,11.9,12.2,11.4,11.3,11.5,11.3,12.1,11.7,12.1,12.3,11.6,11.7,12.0,12.1,11.6,11.6,11.6,11.7,12.3,11.9,11.5,11.7,11.7,11.6,11.9,11.9,11.5,12.2,11.5,11.8,11.8,12.2,12.1,12.2,12.4,12.8,12.7,12.2
2000-02-22,11.8,12.2,11.8,11.4,11.6,11.4,11.4,11.3,11.7,11.9,12.2,11.3,11.3,11.5,11.3,12.1,11.6,12.0,12.3,11.6,11.7,11.9,12.0,11.6,11.7,11.6,11.7,12.3,11.9,11.5,11.7,11.7,11.6,11.8,12.0,11.4,12.2,11.6,11.8,11.9,12.2,12.2,12.2,12.4,12.8,12.7,12.2
2000-02-23,11.8,12.2,11.7,11.4,11.5,11.4,11.5,11.2,11.7,11.9,12.3,11.4,11.3,11.4,11.3,12.0,11.6,12.0,12.3,11.6,11.7,11.9,12.1,11.6,11.7,11.6,11.6,12.2,12.0,11.4,11.8,11.8,11.7,11.8,12.0,11.4,12.2,11.6,11.8,12.0,12.2,12.2,12.1,12.3,12.8,12.7,12.2
2000-02-24,11.8,12.2,11.8,11.3,11.5,11.5,11.6,11.3,11.6,11.8,12.3,11.5,11.4,11.4,11.4,12.0,11.6,12.0,12.3,11.6,11.7,11.9,12.1,11.6,11.7,11.7,11.5,12.1,12.0,11.4,11.8,11.9,11.7,11.8,12.0,11.4,12.2,11.6,11.7,11.9,12.2,12.3,12.1,12.3,12.8,12.7,12.2
2000-02-25,11.8,12.2,11.8,11.4,11.4,11.5,11.6,11.3,11.5,11.8,12.4,11.5,11.4,11.3,11.5,12.0,11.5,12.1,12.3,11.7,11.8,11.9,12.1,11.6,11.7,11.7,11.4,12.2,12.1,11.5,11.8,11.9,11.7,11.8,11.9,11.5,12.2,11.6,11.8,12.0,12.2,12.3,12.1,12.3,12.7,12.7,12.2
2000-02-26,11.8,12.2,11.7,11.4,11.5,11.5,11.5,11.4,11.5,11.7,12.3,11.4,11.4,11.3,11.5,12.1,11.5,12.1,12.2,11.8,11.8,11.9,12.1,11.6,11.6,11.7,11.4,12.2,12.1,11.5,11.7,11.9,11.7,11.8,11.9,11.5,12.2,11.6,11.7,12.0,12.1,12.2,12.1,12.3,12.7,12.7,12.3
2000-02-27,11.8,12.2,11.5,11.5,11.4,11.4,11.5,11.3,11.5,11.7,12.3,11.4,11.4,11.3,11.6,12.1,11.4,12.1,12.2,11.8,11.8,11.9,12.0,11.6,11.6,11.6,11.5,12.2,12.1,11.5,11.7,12.0,11.6,11.7,11.8,11.6,12.2,11.7,11.7,12.0,12.1,12.2,12.1,12.3,12.6,12.7,12.2
2000-02-28,11.8,12.2,11.7,11.5,11.4,11.4,11.4,11.5,11.5,11.7,12.2,11.4,11.4,11.2,11.6,12.1,11.3,12.1,12.2,11.9,11.7,11.8,12.1,11.6,11.6,11.5,11.6,12.3,12.1,11.5,11.8,11.9,11.7,11.7,11.8,11.7,12.1,11.7,11.6,12.0,12.1,12.2,12.1,12.3,12.6,12.7,12.2
2000-02-29,11.8,12.2,,,11.3,,,,11.5,,,,11.5,,,,11.3,,,,11.8,,,,11.6,,,,12.2,,,,11.7,,,,12.1,,,,12.1,,,,12.6,,
2000-03-01,11.8,12.2,11.8,11.5,11.4,11.5,11.3,11.5,11.6,11.7,12.2,11.4,11.6,11.1,11.6,12.0,11.4,12.0,12.2,12.0,11.8,11.8,12.1,11.6,11.6,11.4,11.7,12.3,12.3,11.5,11.8,11.9,11.7,11.6,11.7,11.7,12.1,12.0,11.6,12.0,12.1,12.2,12.0,12.3,12.5,12.6,12.2
2000-03-02,11.8,12.2,11.9,11.4,11.3,11.5,11.2,11.6,11.6,11.8,12.2,11.4,11.5,11.1,11.5,12.0,11.4,12.0,12.2,12.0,11.8,11.9,12.2,11.7,11.6,11.3,11.7,12.4,12.4,11.4,11.8,11.9,11.7,11.6,11.7,11.7,12.1,12.1,11.6,12.0,12.2,12.2,12.0,12.3,12.5,12.6,12.2
2000-03-03,11.8,12.2,11.8,11.5,11.4,11.5,11.3,11.6,11.5,11.8,12.2,11.4,11.5,11.0,11.4,12.0,11.3,12.1,12.2,12.0,11.8,11.9,12.2,11.7,11.6,11.4,11.7,12.4,12.3,11.4,11.8,11.9,11.6,11.6,11.7,11.8,12.0,12.1,11.6,12.0,12.2,12.2,12.0,12.3,12.5,12.5,12.2
2000-03-04,11.8,12.2,11.9,11.4,11.4,11.5,11.4,11.5,11.5,11.9,12.1,11.5,11.5,11.0,11.4,11.9,11.3,12.1,12.3,11.9,11.8,12.0,12.2,11.8,11.6,11.3,11.7,12.5,12.3,11.4,11.8,11.9,11.6,11.5,11.8,11.8,12.0,12.1,11.6,12.0,12.2,12.1,12.0,12.3,12.6,12.5,12.2
2000-03-05,11.8,12.2,11.8,11.5,11.5,11.5,11.5,11.5,11.5,11.9,12.0,11.5,11.5,11.0,11.4,11.9,11.3,12.1,12.2,11.9,11.7,12.0,12.2,11.8,11.6,11.3,11.7,12.4,12.1,11.4,11.8,11.9,11.5,11.6,11.8,11.8,12.0,12.0,11.6,12.0,12.1,12.1,12.0,12.3,12.6,12.5,12.2
2000-03-06,11.8,12.2,11.8,11.5,11.5,11.5,11.4,11.5,11.4,12.0,12.0,11.5,11.5,11.0,11.5,11.9,11.3,12.0,12.2,11.9,11.7,12.1,12.2,11.9,11.6,11.3,11.7,12.4,12.0,11.3,11.8,11.9,11.5,11.6,11.8,11.8,12.1,12.0,11.6,12.0,12.1,12.0,12.0,12.2,12.6,12.5,12.2
2000-03-07,11.8,12.2,11.8,11.7,11.5,11.5,11.4,11.5,11.4,12.0,12.1,11.5,11.6,11.0,11.5,11.9,11.2,12.0,12.3,11.9,11.6,12.0,12.2,11.9,11.6,11.3,11.5,12.3,12.0,11.3,11.7,11.9,11.5,11.6,11.8,11.8,12.0,12.0,11.7,12.1,12.1,12.0,12.0,12.2,12.6,12.5,12.2
2000-03-08,11.8,12.2,11.8,11.7,11.4,11.4,11.3,11.5,11.3,12.0,12.2,11.5,11.5,11.0,11.6,11.9,11.2,12.0,12.2,12.0,11.7,12.0,12.3,11.9,11.6,11.3,11.6,12.3,12.0,11.4,11.7,11.9,11.6,11.6,11.9,11.9,12.0,12.1,11.8,12.2,12.2,12.0,12.0,12.3,12.6,12.6,12.3
2000-03-09,11.8,12.2,11.8,11.7,11.4,11.4,11.4,11.4,11.3,11.9,12.2,11.5,11.5,11.0,11.7,11.9,11.2,12.0,12.2,12.0,11.7,12.1,12.3,11.9,11.6,11.3,11.7,12.3,12.0,11.5,11.7,11.8,11.6,11.8,11.9,11.9,12.0,12.1,11.8,12.2,12.2,12.0,12.0,12.3,12.5,12.6,12.3
2000-03-10,11.9,12.2,11.9,11.6,11.3,11.5,11.3,11.5,11.3,11.8,12.2,11.6,11.5,11.1,11.6,11.9,11.2,12.0,12.2,12.0,11.8,12.1,12.3,11.9,11.6,11.3,11.7,12.3,12.1,11.5,11.7,11.8,11.6,11.8,11.9,11.9,12.0,12.1,11.9,12.2,12.2,12.1,12.0,12.4,12.5,12.7,12.4
2000-03-11,11.9,12.2,11.9,11.6,11.4,11.5,11.4,11.5,11.4,11.8,12.2,11.6,11.5,11.1,11.6,11.9,11.2,12.1,12.1,11.9,11.8,12.2,12.3,12.0,11.7,11.3,11.7,12.2,12.2,11.5,11.7,11.8,11.6,11.8,11.9,11.9,12.0,12.1,11.9,12.1,12.3,12.2,11.9,12.4,12.5,12.7,12.4
2000-03-12,11.9,12.2,11.9,11.6,11.3,11.5,11.4,11.5,11.4,11.7,12.3,11.7,11.5,11.2,11.6,11.8,11.3,12.1,12.0,12.0,11.9,12.3,12.3,12.0,11.8,11.4,11.5,12.2,12.2,11.5,11.6,11.9,11.7,11.8,11.9,11.9,12.0,12.1,11.9,12.0,12.3,12.2,11.9,12.4,12.5,12.7,12.4
2000-03-13,11.9,12.2,11.8,11.6,11.4,11.6,11.4,11.4,11.5,11.7,12.4,11.7,11.5,11.3,11.6,11.8,11.3,12.1,12.0,12.0,11.8,12.2,12.3,12.0,11.8,11.4,11.5,12.2,12.3,11.6,11.6,11.9,11.7,11.7,11.9,11.9,12.1,12.1,11.8,12.0,12.3,12.2,11.9,12.4,12.6,12.7,12.4
2000-03-14,11.9,12.3,11.8,11.5,11.4,11.6,11.4,11.4,11.5,11.8,12.4,11.6,11.5,11.4,11.7,11.8,11.3,12.1,12.0,12.0,11.8,12.2,12.4,12.0,11.8,11.6,11.5,12.2,12.3,11.6,11.7,11.9,11.8,11.7,11.9,11.8,12.1,12.1,11.9,12.0,12.4,12.2,11.9,12.4,12.6,12.7,12.4
2000-03-15,11.9,12.3,11.7,11.5,11.4,11.5,11.5,11.4,11.5,11.9,12.4,11.6,11.6,11.4,11.7,11.8,11.2,12.1,12.0,12.0,11.8,12.2,12.4,11.9,11.8,11.6,11.6,12.3,12.3,11.6,11.7,12.0,11.8,11.6,11.9,11.8,12.1,12.1,11.9,12.0,12.3,12.3,11.9,12.4,12.7,12.7,12.3
2000-03-16,11.9,12.3,11.8,11.5,11.4,11.6,11.5,11.4,11.6,12.1,12.4,11.6,11.6,11.4,11.7,11.9,11.2,12.1,12.0,12.0,11.9,12.1,12.4,11.8,11.8,11.6,11.6,12.3,12.3,11.7,11.8,12.0,11.8,11.6,12.0,11.8,12.1,12.1,11.9,12.1,12.3,12.3,11.9,12.4,12.8,12.7,12.3
2000-03-17,11.9,12.3,11.8,11.5,11.4,11.5,11.5,11.4,11.7,12.1,12.5,11.7,11.6,11.4,11.6,11.9,11.3,12.1,12.0,12.0,12.0,12.1,12.3,11.8,11.9,11.7,11.7,12.2,12.2,11.8,11.8,12.0,11.8,11.7,12.0,11.8,12.2,12.1,11.9,12.1,12.2,12.3,11.9,12.4,12.8,12.7,12.3
2000-03-18,12.0,12.3,11.9,11.5,11.4,11.6,11.5,11.4,11.7,12.0,12.5,11.8,11.6,11.5,11.6,11.9,11.4,12.1,12.0,12.0,12.0,12.1,12.4,11.8,12.0,11.8,11.7,12.2,12.2,11.8,11.8,12.0,11.9,11.8,12.1,11.8,12.2,12.1,11.8,12.2,12.1,12.2,11.9,12.4,12.9,12.7,12.3
2000-03-19,12.0,12.3,11.8,11.6,11.4,11.5,11.6,11.4,11.8,12.0,12.6,11.8,11.6,11.6,11.6,12.0,11.4,12.1,12.1,11.9,11.9,12.1,12.4,11.8,12.0,11.8,11.6,12.2,12.2,11.8,11.9,12.0,11.9,11.8,12.2,11.8,12.2,12.2,11.8,12.1,12.2,12.2,11.8,12.5,12.9,12.6,12.3
2000-03-20,12.0,12.3,11.8,11.7,11.3,11.4,11.5,11.4,11.8,12.0,12.6,11.9,11.6,11.7,11.7,12.0,11.5,12.0,12.0,11.9,11.9,12.2,12.5,11.8,12.0,11.9,11.6,12.2,12.2,11.8,12.0,12.0,12.0,11.9,12.2,11.8,12.3,12.3,11.8,12.1,12.2,12.2,11.9,12.5,13.0,12.6,12.3
2000-03-21,12.0,12.4,11.7,11.8,11.3,11.4,11.6,11.4,11.8,12.0,12.7,11.9,11.7,11.8,11.8,12.0,11.5,12.0,12.0,12.0,11.9,12.3,12.6,11.9,12.1,12.0,11.6,12.1,12.1,11.6,12.0,12.0,12.1,11.9,12.3,11.7,12.2,12.3,11.7,12.2,12.2,12.2,11.9,12.5,13.0,12.6,12.3
2000-03-22,12.0,12.4,11.8,11.8,11.2,11.4,11.5,11.4,11.8,12.1,12.7,11.9,11.7,11.9,11.9,12.0,11.6,12.0,12.0,12.0,11.9,12.3,12.6,11.9,12.1,12.1,11.7,12.1,12.1,11.6,12.1,12.0,12.2,12.0,12.2,11.8,12.2,12.3,11.7,12.2,12.1,12.2,12.0,12.6,13.0,12.6,12.4
2000-03-23,12.0,12.4,11.7,11.9,11.3,11.4,11.5,11.3,11.8,12.1,12.7,11.9,11.6,11.9,12.0,12.0,11.7,12.0,12.0,12.1,11.9,12.4,12.5,12.0,12.1,12.1,11.8,12.1,12.1,11.6,12.0,12.0,12.2,12.0,12.2,11.8,12.2,12.3,11.7,12.2,12.1,12.3,12.0,12.6,12.9,12.6,12.4
2000-03-24,12.1,12.4,11.8,11.9,11.4,11.6,11.5,11.4,11.9,12.1,12.6,12.0,11.6,11.9,12.0,12.0,11.7,12.0,12.0,12.1,11.9,12.4,12.4,12.0,12.1,12.1,11.8,12.2,12.1,11.6,12.0,12.1,12.3,12.0,12.1,11.8,12.3,12.4,11.7,12.3,12.1,12.3,12.1,12.8,12.9,12.6,12.5
2000-03-25,12.1,12.5,11.8,11.8,11.5,11.5,11.7,11.5,12.0,12.2,12.6,12.0,11.5,11.8,12.1,12.1,11.7,12.0,11.9,12.1,12.0,12.4,12.4,12.1,12.0,12.1,11.8,12.2,12.1,11.5,12.1,12.1,12.3,11.9,12.1,11.8,12.3,12.4,11.8,12.3,12.2,12.3,12.2,12.8,12.9,12.7,12.4
2000-03-26,12.1,12.5,12.0,11.7,11.6,11.5,11.6,11.6,12.0,12.4,12.7,11.9,11.4,11.7,12.1,12.1,11.8,12.1,12.0,12.1,12.0,12.4,12.3,12.2,11.8,12.2,11.9,12.2,12.1,11.6,12.1,12.0,12.4,11.9,12.1,11.8,12.4,12.4,11.8,12.3,12.2,12.3,12.1,12.9,12.8,12.7,12.4
2000-03-27,12.1,12.5,12.0,11.8,11.7,11.5,11.8,11.6,12.0,12.4,12.7,11.8,11.4,11.6,12.1,12.1,11.8,12.2,12.0,12.1,12.0,12.5,12.3,12.3,11.7,12.2,12.0,12.2,12.1,11.6,12.2,12.1,12.5,11.9,12.1,11.8,12.4,12.4,11.8,12.3,12.2,12.3,12.1,12.9,12.7,12.8,12.3
2000-03-28,12.2,12.5,12.0,11.7,11.8,11.7,11.8,11.6,12.0,12.4,12.7,11.8,11.5,11.5,12.1,12.0,11.8,12.3,12.0,12.2,12.0,12.5,12.4,12.3,11.7,12.3,12.1,12.2,12.1,11.6,12.1,12.1,12.6,12.1,12.2,11.9,12.5,12.4,11.9,12.2,12.2,12.4,12.1,12.8,12.8,12.8,12.3
2000-03-29,12.2,12.6,12.0,11.7,11.9,11.7,11.8,11.6,11.9,12.3,12.7,11.9,11.5,11.5,12.1,12.0,11.8,12.3,12.1,12.2,12.0,12.6,12.4,12.3,11.8,12.3,12.1,12.2,12.1,11.6,12.1,12.1,12.6,12.0,12.2,12.0,12.6,12.5,11.9,12.3,12.2,12.5,12.2,12.8,12.9,12.8,12.3
2000-03-30,12.2,12.6,11.9,11.7,11.8,11.8,11.8,11.5,11.9,12.3,12.7,11.9,11.6,11.6,12.2,12.0,11.8,12.3,12.2,12.2,12.1,12.6,12.4,12.4,11.8,12.3,12.1,12.3,12.2,11.7,12.1,12.2,12.6,12.0,12.1,12.0,12.7,12.6,12.0,12.3,12.2,12.6,12.2,12.8,13.0,12.8,12.3
2000-03-31,12.2,12.6,11.8,11.7,11.8,11.8,11.9,11.4,11.9,12.3,12.6,11.9,11.5,11.5,12.2,12.0,11.8,12.3,12.3,12.2,12.1,12.6,12.4,12.4,12.0,12.3,12.1,12.3,12.3,11.8,12.1,12.3,12.6,12.1,12.1,12.1,12.8,12.6,11.9,12.3,12.2,12.6,12.2,12.8,13.1,12.9,12.3
2000-04-01,12.3,12.7,11.9,11.6,11.8,11.9,11.9,11.4,11.9,12.4,12.7,12.0,11.6,11.5,12.2,12.0,11.7,12.4,12.3,12.3,12.2,12.6,12.4,12.4,12.2,12.3,12.2,12.4,12.4,11.9,12.1,12.4,12.6,12.2,12.2,12.1,12.7,12.6,11.9,12.3,12.1,12.6,12.2,12.9,13.2,12.9,12.3
2000-04-02,12.3,12.7,12.0,11.7,11.9,11.9,11.9,11.4,11.9,12.4,12.7,12.1,11.6,11.6,12.1,12.0,11.7,12.4,12.4,12.4,12.3,12.7,12.4,12.4,12.2,12.3,12.3,12.4,12.4,12.0,12.2,12.5,12.6,12.2,12.3,12.1,12.6,12.7,12.0,12.3,12.2,12.6,12.2,12.9,13.3,13.0,12.3
2000-04-03,12.3,12.7,12.2,11.6,11.8,12.1,11.9,11.5,11.9,12.3,12.8,12.2,11.7,11.7,12.1,12.1,11.7,12.4,12.5,12.5,12.2,12.7,12.4,12.3,12.2,12.3,12.4,12.3,12.5,12.0,12.3,12.6,12.6,12.1,12.3,12.1,12.6,12.8,12.0,12.3,12.3,12.6,12.2,12.8,13.4,13.0,12.3
2000-04-04,12.4,12.8,12.2,11.8,12.0,12.2,11.9,11.6,11.8,12.3,12.8,12.2,11.8,11.8,12.0,12.2,11.7,12.3,12.6,12.7,12.2,12.7,12.4,12.3,12.3,12.2,12.3,12.4,12.4,12.1,12.4,12.7,12.6,12.1,12.4,12.1,12.7,12.8,12.1,12.3,12.3,12.6,12.2,12.8,13.4,13.1,12.4
2000-04-05,12.4,12.8,12.4,11.8,12.0,12.2,11.8,11.7,11.7,12.3,12.8,12.2,11.8,11.9,11.9,12.2,11.8,12.4,12.7,12.7,12.2,12.8,12.5,12.3,12.3,12.2,12.3,12.5,12.4,12.1,12.4,12.7,12.7,12.0,12.4,12.1,12.9,12.8,12.2,12.3,12.4,12.6,12.2,12.8,13.5,13.1,12.5
2000-04-06,12.4,12.9,12.4,11.9,12.1,12.3,11.8,11.8,11.8,12.4,12.9,12.2,11.8,12.0,11.9,12.3,11.9,12.4,12.8,12.8,12.3,12.8,12.5,12.4,12.4,12.3,12.3,12.6,12.4,12.2,12.4,12.8,12.8,12.0,12.5,12.1,12.9,12.9,12.2,12.4,12.6,12.6,12.2,12.8,13.6,13.2,12.7
2000-04-07,12.5,12.9,12.6,12.0,12.0,12.4,11.8,12.0,12.0,12.6,12.8,12.3,11.8,12.1,12.0,12.3,11.9,12.4,12.9,12.8,12.3,12.9,12.6,12.4,12.5,12.3,12.3,12.7,12.4,12.3,12.2,12.9,13.0,11.9,12.6,12.2,12.9,12.9,12.3,12.5,12.6,12.6,12.3,12.8,13.7,13.2,12.8
2000-04-08,12.5,12.9,12.5,12.3,12.0,12.3,12.0,12.0,12.1,12.7,12.8,12.3,11.9,12.1,12.0,12.3,12.0,12.3,12.9,12.8,12.3,12.9,12.5,12.4,12.5,12.2,12.4,12.8,12.4,12.3,12.2,13.0,12.9,11.8,12.7,12.2,12.8,13.0,12.3,12.5,12.7,12.6,12.4,12.9,13.7,13.2,12.9
2000-04-09,12.5,13.0,12.6,12.3,12.0,12.4,12.1,12.0,12.2,12.7,12.8,12.4,12.0,12.1,12.0,12.3,12.1,12.4,12.9,12.9,12.3,12.9,12.5,12.3,12.5,12.2,12.5,12.8,12.5,12.3,12.3,13.1,12.8,11.9,12.9,12.3,12.9,13.0,12.4,12.5,12.8,12.6,12.5,12.9,13.7,13.2,12.9
2000-04-10,12.6,13.0,12.6,12.4,12.1,12.3,12.1,12.0,12.3,12.7,12.7,12.5,12.0,12.1,12.1,12.3,12.2,12.4,12.9,12.8,12.2,12.9,12.6,12.3,12.5,12.3,12.5,12.9,12.5,12.4,12.5,13.1,12.7,12.0,12.9,12.3,13.0,13.0,12.4,12.5,12.9,12.6,12.6,13.0,13.7,13.2,13.0
2000-04-11,12.6,13.1,12.7,12.4,12.2,12.4,12.0,12.1,12.4,12.7,12.7,12.5,12.0,12.1,12.2,12.4,12.2,12.6,12.9,12.8,12.2,12.9,12.6,12.3,12.6,12.3,12.5,13.0,12.5,12.4,12.6,13.0,12.7,12.2,13.0,12.4,13.0,13.1,12.4,12.6,13.0,12.5,12.6,13.0,13.8,13.2,13.0
2000-04-12,12.7,13.1,12.6,12.5,12.3,12.4,12.0,12.1,12.5,12.7,12.8,12.4,12.1,12.2,12.3,12.5,12.2,12.6,13.0,12.9,12.3,12.9,12.6,12.4,12.7,12.3,12.5,13.0,12.6,12.4,12.7,12.9,12.7,12.4,13.0,12.5,13.1,13.2,12.6,12.6,13.0,12.6,12.6,13.1,13.8,13.3,13.0
2000-04-13,12.7,13.2,12.7,12.4,12.3,12.4,11.9,12.1,12.6,12.7,12.8,12.4,12.2,12.2,12.3,12.5,12.4,12.7,13.0,12.8,12.3,12.8,12.6,12.6,12.7,12.3,12.6,13.1,12.7,12.4,12.7,12.9,12.7,12.6,13.1,12.6,13.3,13.3,12.6,12.6,13.0,12.6,12.6,13.1,14.0,13.3,12.9
2000-04-14,12.8,13.2,12.5,12.5,12.4,12.4,12.0,12.1,12.5,12.8,12.9,12.5,12.3,12.2,12.3,12.4,12.5,12.8,13.0,12.8,12.4,12.8,12.7,12.6,12.8,12.3,12.7,13.2,12.8,12.4,12.7,13.0,12.7,12.7,13.1,12.7,13.3,13.4,12.7,12.7,13.0,12.7,12.7,13.0,14.1,13.3,13.0
2000-04-15,12.8,13.3,12.6,12.5,12.3,12.3,12.0,12.2,12.5,12.8,12.9,12.4,12.3,12.3,12.3,12.4,12.5,12.8,13.0,12.8,12.5,12.8,12.8,12.6,12.8,12.2,12.8,13.2,12.8,12.5,12.7,13.1,12.7,12.8,13.2,12.9,13.4,13.5,12.6,12.7,12.9,12.7,12.7,13.1,14.2,13.3,13.0
2000-04-16,12.9,13.4,12.8,12.5,12.2,12.2,12.0,12.3,12.6,12.8,12.9,12.4,12.3,12.4,12.2,12.3,12.4,12.9,13.0,12.8,12.7,12.8,12.9,12.7,12.7,12.2,12.8,13.1,12.8,12.6,12.8,13.1,12.7,12.8,13.2,12.9,13.5,13.5,12.8,12.8,13.0,12.8,12.8,13.2,14.2,13.3,13.1
2000-04-17,12.9,13.4,13.0,12.3,12.1,12.4,12.0,12.4,12.6,12.9,13.0,12.5,12.2,12.5,12.3,12.4,12.5,12.9,13.0,12.7,12.7,12.8,13.0,12.8,12.8,12.2,12.8,13.1,12.7,12.7,12.9,13.2,12.6,12.9,13.2,13.0,13.7,13.5,12.9,12.9,13.2,12.8,12.9,13.3,14.1,13.4,13.2
2000-04-18,13.0,13.5,13.0,12.3,12.3,12.4,12.2,12.5,12.8,12.9,13.1,12.5,12.3,12.5,12.4,12.5,12.5,12.8,13.0,12.8,12.6,12.8,13.0,12.9,12.8,12.4,12.9,13.3,12.8,12.7,13.0,13.3,12.6,12.9,13.3,13.0,13.7,13.5,13.1,13.0,13.4,12.9,12.9,13.3,14.1,13.4,13.4
2000-04-19,13.0,13.5,13.2,12.1,12.4,12.5,12.2,12.6,12.9,12.9,13.1,12.4,12.3,12.7,12.3,12.6,12.6,12.8,13.2,12.9,12.6,12.9,13.1,12.9,12.8,12.6,13.0,13.3,12.9,12.8,13.1,13.4,12.6,12.9,13.3,13.1,13.7,13.4,13.3,13.0,13.5,13.0,13.0,13.4,14.0,13.5,13.5
2000-04-20,13.1,13.6,13.0,12.2,12.7,12.5,12.3,12.6,12.9,12.9,13.1,12.5,12.4,12.7,12.4,12.7,12.7,12.8,13.2,12.9,12.7,12.9,13.3,13.0,12.9,12.7,13.2,13.3,13.1,12.9,13.2,13.5,12.7,12.9,13.4,13.2,13.7,13.3,13.4,13.0,13.5,13.0,13.0,13.4,14.0,13.6,13.7
2000-04-21,13.1,13.7,13.1,12.3,12.7,12.7,12.3,12.7,13.0,13.0,13.1,12.5,12.4,12.8,12.4,12.7,12.8,12.8,13.2,13.0,12.8,12.9,13.3,13.0,13.0,12.8,13.3,13.4,13.2,13.0,13.2,13.6,12.8,12.9,13.5,13.3,13.5,13.3,13.6,13.1,13.5,13.1,13.0,13.5,14.0,13.7,13.8
2000-04-22,13.2,13.7,13.1,12.6,12.9,12.7,12.4,12.7,13.1,13.0,13.2,12.5,12.5,13.0,12.6,12.8,12.8,12.8,13.2,13.1,13.0,12.9,13.4,13.0,13.1,12.9,13.3,13.5,13.3,13.0,13.3,13.7,12.9,13.0,13.6,13.3,13.6,13.3,13.7,13.0,13.6,13.2,13.1,13.6,13.9,13.7,13.9
2000-04-23,13.3,13.8,13.1,12.7,12.9,12.7,12.4,12.8,13.2,13.1,13.3,12.6,12.5,13.1,12.8,12.9,12.9,12.8,13.2,13.2,13.2,13.0,13.5,13.1,13.3,13.0,13.4,13.7,13.5,13.0,13.4,13.6,13.0,13.1,13.7,13.3,13.7,13.4,13.9,13.0,13.7,13.2,13.1,13.7,13.9,13.8,13.8
2000-04-24,13.3,13.9,13.1,12.8,13.1,12.7,12.5,12.8,13.2,13.2,13.3,12.6,12.7,13.1,13.0,12.9,13.0,12.9,13.2,13.3,13.3,13.2,13.7,13.2,13.4,13.1,13.4,13.8,13.5,13.1,13.5,13.6,13.0,13.2,13.7,13.4,13.6,13.4,14.0,13.1,13.8,13.2,13.3,13.8,13.9,13.9,13.9
2000-04-25,13.4,13.9,13.1,12.9,13.1,12.7,12.6,12.9,13.2,13.2,13.4,12.6,12.8,13.0,13.1,13.0,13.1,13.0,13.2,13.4,13.4,13.3,13.7,13.3,13.4,13.2,13.4,13.9,13.6,13.1,13.6,13.8,13.1,13.3,13.7,13.4,13.5,13.3,14.1,13.3,13.8,13.3,13.4,13.9,13.9,14.0,13.9
2000-04-26,13.5,14.0,13.1,13.1,13.2,12.7,12.7,12.9,13.1,13.2,13.5,12.7,13.0,12.9,13.2,13.0,13.1,13.1,13.3,13.5,13.4,13.5,13.7,13.5,13.5,13.3,13.4,13.9,13.6,13.1,13.7,13.9,13.3,13.4,13.6,13.5,13.5,13.4,14.2,13.5,13.9,13.4,13.6,14.0,14.0,14.1,14.0
2000-04-27,13.5,14.1,13.3,13.1,13.3,12.8,12.8,13.0,13.1,13.2,13.5,12.7,13.1,13.0,13.3,13.0,13.1,13.1,13.4,13.6,13.5,13.6,13.8,13.6,13.5,13.3,13.4,13.9,13.6,13.0,13.9,13.9,13.4,13.4,13.7,13.5,13.6,13.4,14.2,13.6,14.1,13.4,13.7,14.0,14.0,14.2,14.1
2000-04-28,13.6,14.2,13.2,13.2,13.4,12.8,12.8,12.9,13.1,13.2,13.5,12.8,13.2,13.0,13.4,13.1,13.1,13.2,13.4,13.6,13.5,13.7,13.8,13.7,13.5,13.4,13.4,14.0,13.6,13.1,14.0,14.0,13.5,13.5,13.9,13.6,13.7,13.6,14.3,13.7,14.1,13.6,13.9,14.1,14.1,14.2,14.2
2000-04-29,13.7,14.2,13.2,13.2,13.3,13.0,12.8,12.9,13.1,13.2,13.7,12.8,13.2,13.2,13.5,13.2,13.1,13.3,13.5,13.6,13.6,13.8,13.9,13.8,13.4,13.6,13.4,14.1,13.6,13.2,14.1,14.0,13.6,13.7,14.0,13.7,13.7,13.7,14.3,13.8,14.1,13.7,13.9,14.2,14.1,14.3,14.3
2000-04-30,13.7,14.3,13.0,13.3,13.3,13.2,12.9,12.9,13.2,13.3,13.8,13.0,13.2,13.2,13.5,13.3,13.2,13.3,13.5,13.7,13.8,13.8,14.0,13.9,13.3,13.6,13.6,14.2,13.6,13.4,14.2,14.0,13.7,13.8,14.0,13.8,13.8,13.8,14.3,13.9,14.1,13.8,14.0,14.3,14.2,14.4,14.5
2000-05-01,13.8,14.4,13.1,13.2,13.2,13.2,13.0,13.0,13.2,13.3,13.9,13.0,13.1,13.2,13.5,13.4,13.2,13.4,13.5,13.8,13.9,13.7,13.9,13.9,13.4,13.8,13.6,14.2,13.7,13.4,14.2,14.1,13.8,13.9,14.1,13.9,13.8,13.9,14.3,13.9,14.3,13.9,14.1,14.3,14.3,14.5,14.6
2000-05-02,13.9,14.5,13.0,13.3,13.3,13.2,13.1,12.9,13.3,13.5,14.0,13.0,13.1,13.3,13.5,13.5,13.4,13.5,13.6,14.0,13.9,13.8,13.9,14.1,13.6,14.0,13.7,14.4,13.9,13.5,14.3,14.1,13.9,14.1,14.1,14.1,13.9,14.2,14.2,13.9,14.5,14.2,14.1,14.4,14.4,14.7,14.6
2000-05-03,13.9,14.5,13.1,13.4,13.3,13.2,13.1,13.0,13.4,13.7,14.2,13.0,13.2,13.4,13.5,13.5,13.5,13.6,13.5,14.1,13.9,13.8,14.0,14.2,13.6,14.1,13.8,14.4,14.2,13.5,14.2,14.1,14.0,14.2,14.2,14.4,14.0,14.3,14.3,13.8,14.6,14.2,14.2,14.4,14.5,14.8,14.5
2000-05-04,14.0,14.6,13.3,13.4,13.5,13.0,13.2,13.0,13.5,13.9,14.3,13.0,13.2,13.5,13.5,13.6,13.6,13.7,13.5,14.2,14.1,13.9,14.0,14.5,13.5,14.1,13.8,14.4,14.4,13.5,14.1,14.2,14.0,14.4,14.2,14.5,14.1,14.3,14.4,13.8,14.6,14.1,14.3,14.5,14.5,14.8,14.5
2000-05-05,14.1,14.7,13.3,13.5,13.8,13.1,13.2,13.0,13.7,14.0,14.5,13.1,13.2,13.5,13.6,13.8,13.7,13.7,13.6,14.3,14.1,13.9,14.1,14.5,13.5,14.1,13.8,14.4,14.5,13.6,14.1,14.3,14.1,14.6,14.3,14.6,14.1,14.5,14.7,13.7,14.7,14.1,14.3,14.6,14.6,14.9,14.5
2000-05-06,14.2,14.8,13.3,13.7,13.8,13.1,13.3,13.0,13.9,14.0,14.7,13.2,13.3,13.6,13.6,14.0,13.9,13.6,13.6,14.2,14.3,14.0,14.2,14.6,13.6,14.0,13.9,14.4,14.5,13.8,14.2,14.4,14.2,14.7,14.4,14.7,14.2,14.6,14.9,13.7,14.8,14.3,14.3,14.7,14.7,14.9,14.6
2000-05-07,14.3,14.9,13.4,13.8,13.7,13.2,13.4,13.1,13.9,14.1,14.8,13.3,13.2,13.7,13.7,14.2,13.9,13.6,13.7,14.3,14.5,14.0,14.2,14.6,13.8,14.0,14.0,14.5,14.6,13.9,14.3,14.6,14.4,14.8,14.5,14.8,14.2,14.6,15.1,13.7,14.8,14.4,14.3,14.8,14.8,15.1,14.7
2000-05-08,14.3,15.0,13.4,13.9,13.7,13.3,13.6,13.2,14.0,14.1,14.8,13.4,13.3,13.7,13.8,14.2,14.0,13.6,13.9,14.3,14.6,14.1,14.2,14.7,13.9,14.1,14.2,14.6,14.7,14.0,14.4,14.7,14.6,14.8,14.6,14.8,14.4,14.7,15.1,13.8,14.9,14.5,14.4,14.9,14.9,15.2,14.7
2000-05-09,14.4,15.1,13.5,13.8,13.7,13.5,13.6,13.3,14.1,14.2,14.7,13.4,13.5,13.9,13.8,14.3,14.0,13.7,14.1,14.4,14.8,14.2,14.2,14.8,13.9,14.2,14.4,14.8,14.7,14.1,14.4,14.8,14.8,14.9,14.7,14.9,14.6,14.6,15.1,13.9,15.0,14.5,14.6,14.9,15.0,15.4,14.8
2000-05-10,14.5,15.1,13.5,13.8,13.7,13.5,13.7,13.3,14.2,14.3,14.7,13.5,13.7,13.9,13.8,14.3,14.0,13.9,14.2,14.6,15.0,14.3,14.2,15.0,13.9,14.3,14.5,14.9,14.8,14.3,14.5,14.9,14.9,14.8,14.9,15.0,14.8,14.7,15.1,14.2,14.9,14.5,14.7,14.8,15.1,15.5,14.9
2000-05-11,14.6,15.2,13.7,13.9,13.8,13.6,13.6,13.4,14.3,14.4,14.7,13.7,13.9,14.0,13.9,14.2,14.0,14.1,14.4,14.7,15.2,14.4,14.4,15.2,13.9,14.3,14.7,15.0,14.9,14.6,14.5,14.9,15.1,14.7,14.9,15.1,14.7,14.8,15.2,14.4,14.9,14.6,14.9,14.9,15.2,15.6,15.0
2000-05-12,14.7,15.3,13.8,14.1,14.0,13.7,13.8,13.4,14.3,14.5,14.7,13.8,14.0,14.1,14.0,14.0,14.0,14.3,14.6,14.9,15.3,14.4,14.6,15.4,13.8,14.4,14.8,15.2,14.8,14.7,14.6,14.9,15.2,14.7,15.0,15.2,14.8,15.0,15.2,14.4,14.9,14.7,15.1,14.9,15.4,15.6,15.0
2000-05-13,14.8,15.4,14.1,14.2,14.0,13.9,13.9,13.5,14.3,14.7,14.9,13.8,14.1,14.1,14.1,14.0,14.1,14.5,14.8,15.1,15.4,14.5,14.7,15.5,13.9,14.5,14.8,15.4,14.8,14.8,14.7,15.0,15.2,14.7,15.0,15.3,14.8,15.2,15.3,14.5,15.0,14.8,15.2,15.0,15.4,15.7,15.1
2000-05-14,14.9,15.5,14.3,14.4,14.1,14.0,14.1,13.6,14.4,14.8,15.0,13.9,14.2,14.0,14.3,14.1,14.2,14.7,14.8,15.2,15.6,14.6,14.9,15.6,14.1,14.6,14.9,15.5,14.9,14.8,14.8,15.1,15.0,14.7,15.0,15.3,14.9,15.3,15.5,14.6,15.1,14.9,15.5,15.1,15.5,15.8,15.0
2000-05-15,14.9,15.6,14.4,14.5,14.2,14.1,14.3,13.7,14.6,15.0,15.2,13.9,14.3,14.2,14.4,14.2,14.2,14.9,14.9,15.3,15.8,14.7,15.0,15.5,14.3,14.7,15.0,15.4,15.0,14.8,14.7,15.1,15.0,14.7,15.1,15.2,15.0,15.5,15.5,14.8,15.3,15.0,15.7,15.1,15.6,15.8,15.0
2000-05-16,15.0,15.7,14.6,14.6,14.3,14.3,14.4,13.7,14.8,15.1,15.4,14.0,14.4,14.4,14.4,14.2,14.2,15.0,15.0,15.3,15.8,14.8,15.2,15.5,14.5,14.9,15.1,15.5,15.2,14.8,14.7,15.1,15.0,14.7,15.2,15.2,15.1,15.6,15.6,14.8,15.4,15.1,15.9,15.2,15.7,15.9,14.9
2000-05-17,15.1,15.8,14.8,14.7,14.3,14.6,14.5,13.8,14.9,15.2,15.6,14.0,14.7,14.5,14.6,14.3,14.4,15.1,15.2,15.3,15.8,14.9,15.3,15.6,14.7,14.9,15.2,15.6,15.3,14.9,14.8,15.2,14.9,14.8,15.4,15.3,15.2,15.6,15.7,14.8,15.6,15.2,16.1,15.2,15.8,15.9,15.0
2000-05-18,15.2,15.9,14.9,14.8,14.5,14.7,14.8,13.9,14.9,15.4,15.8,14.0,14.8,14.7,14.6,14.4,14.5,15.3,15.2,15.4,15.9,15.0,15.4,15.8,14.9,14.9,15.3,15.6,15.3,15.1,14.8,15.3,14.8,15.2,15.4,15.5,15.2,15.7,15.7,14.9,15.9,15.3,16.2,15.2,16.0,16.0,15.0
2000-05-19,15.3,16.0,15.0,14.9,14.5,14.9,14.9,14.0,15.2,15.6,16.0,14.1,14.9,14.8,14.7,14.6,14.6,15.5,15.3,15.5,15.9,14.9,15.5,15.9,15.0,14.9,15.5,15.6,15.4,15.2,15.0,15.4,14.8,15.3,15.5,15.5,15.3,15.7,15.9,15.1,16.1,15.4,16.1,15.2,16.2,16.2,15.2
2000-05-20,15.4,16.1,15.1,15.0,14.6,14.8,15.1,14.1,15.5,15.8,16.1,14.2,14.9,15.0,14.8,14.7,14.8,15.5,15.3,15.5,16.0,15.0,15.6,16.0,15.2,15.0,15.5,15.7,15.6,15.3,15.3,15.5,14.8,15.4,15.6,15.5,15.4,15.6,16.0,15.3,16.2,15.4,16.0,15.3,16.4,16.3,15.3
2000-05-21,15.5,16.2,15.3,15.0,14.6,14.9,15.0,14.3,15.6,15.9,16.1,14.3,15.0,15.2,15.1,14.7,14.8,15.6,15.4,15.5,16.1,15.2,15.6,16.0,15.3,15.1,15.7,15.8,15.7,15.6,15.5,15.6,14.9,15.5,15.8,15.5,15.4,15.7,16.2,15.5,16.2,15.3,16.1,15.4,16.5,16.4,15.5
2000-05-22,15.6,16.3,15.5,15.1,14.7,15.0,15.2,14.2,15.6,15.9,16.2,14.4,15.2,15.4,15.3,14.8,15.0,15.7,15.4,15.5,16.2,15.5,15.6,16.0,15.3,15.2,16.0,16.0,15.9,15.8,15.7,15.7,15.1,15.4,15.9,15.5,15.6,15.9,16.4,15.6,16.1,15.3,16.2,15.5,16.6,16.5,15.7
2000-05-23,15.7,16.4,15.6,15.1,14.7,15.1,15.4,14.3,15.6,15.9,16.2,14.6,15.3,15.7,15.5,15.0,15.1,15.8,15.4,15.6,16.3,15.7,15.7,16.1,15.4,15.4,16.1,16.1,16.1,16.0,15.8,15.8,15.4,15.3,16.0,15.6,15.7,16.1,16.6,15.7,16.1,15.3,16.3,15.7,16.7,16.5,16.0
2000-05-24,15.8,16.5,15.7,15.1,14.8,15.1,15.6,14.2,15.5,15.7,16.2,14.6,15.5,15.8,15.7,15.0,15.3,15.9,15.5,15.7,16.4,15.9,15.7,16.1,15.6,15.5,16.2,16.3,16.2,16.1,15.8,15.9,15.6,15.2,16.2,15.7,15.8,16.4,16.7,15.7,16.2,15.4,16.4,15.9,16.7,16.5,16.3
2000-05-25,15.9,16.6,15.8,15.3,14.9,15.2,15.7,14.4,15.6,15.8,16.3,14.8,15.5,16.0,15.8,15.1,15.5,16.0,15.4,15.8,16.4,16.0,15.8,16.2,15.6,15.6,16.1,16.4,16.3,16.3,15.8,16.0,15.8,15.3,16.3,15.8,15.8,16.6,16.9,15.8,16.3,15.5,16.5,16.0,16.7,16.5,16.6
2000-05-26,16.0,16.7,15.8,15.4,15.0,15.3,15.8,14.5,15.8,15.9,16.5,14.9,15.6,16.0,16.1,15.2,15.7,16.1,15.5,16.1,16.4,16.1,15.9,16.3,15.5,15.8,16.0,16.5,16.4,16.3,15.8,16.0,16.0,15.4,16.4,15.9,16.0,16.7,17.1,15.7,16.5,15.6,16.6,16.1,16.8,16.5,16.9
2000-05-27,16.1,16.8,15.9,15.5,15.1,15.6,15.8,14.7,15.9,16.0,16.7,14.9,15.7,16.0,16.2,15.5,15.7,16.2,15.6,16.3,16.4,16.4,16.0,16.3,15.6,15.9,16.1,16.4,16.5,16.2,16.0,16.0,16.3,15.5,16.5,16.0,16.2,16.9,17.2,15.8,16.5,15.8,16.8,16.3,16.9,16.6,17.2
2000-05-28,16.2,16.9,16.0,15.6,15.1,15.8,15.9,14.8,15.9,16.2,16.7,14.9,15.9,16.1,16.2,15.7,15.7,16.3,15.8,16.5,16.5,16.6,16.1,16.4,15.7,16.1,16.3,16.3,16.5,16.3,16.1,16.1,16.4,15.5,16.4,16.0,16.3,17.1,17.4,15.9,16.6,16.0,16.9,16.5,17.1,16.7,17.3
2000-05-29,16.3,17.0,16.1,15.7,15.2,16.0,15.9,14.9,16.0,16.3,16.6,14.9,16.0,16.2,16.3,15.9,15.6,16.3,15.8,16.6,16.6,16.8,16.2,16.6,15.8,16.3,16.5,16.2,16.6,16.5,16.2,16.2,16.3,15.6,16.5,16.0,16.4,17.2,17.6,16.1,16.7,16.2,17.0,16.7,17.3,16.8,17.4
2000-05-30,16.4,17.1,16.2,15.8,15.3,16.2,15.8,14.9,16.1,16.2,16.6,15.0,16.2,16.4,16.4,16.0,15.5,16.3,15.9,16.8,16.8,16.9,16.3,16.7,15.9,16.5,16.5,16.3,16.8,16.8,16.3,16.4,16.4,15.7,16.6,16.1,16.7,17.3,17.7,16.3,16.9,16.4,17.1,16.9,17.4,17.0,17.6
2000-05-31,16.5,17.3,16.4,15.9,15.4,16.4,15.7,15.0,16.1,16.1,16.5,15.0,16.5,16.5,16.4,16.0,15.6,16.3,16.1,16.9,16.8,16.9,16.4,16.8,16.1,16.5,16.4,16.4,17.0,17.0,16.4,16.5,16.7,15.8,16.6,16.3,16.9,17.4,17.9,16.5,17.0,16.5,17.3,17.0,17.5,17.1,17.8
2000-06-01,16.6,17.4,16.4,16.0,15.4,16.5,15.7,15.0,16.1,16.2,16.5,14.9,16.5,16.6,16.2,15.9,15.6,16.3,16.3,16.9,16.8,16.9,16.5,17.0,16.2,16.5,16.4,16.6,17.2,17.2,16.6,16.6,16.8,15.9,16.6,16.4,17.1,17.5,18.0,16.6,17.2,16.6,17.5,17.1,17.6,17.2,17.9
2000-06-02,16.7,17.5,16.5,16.0,15.3,16.6,15.7,15.1,16.2,16.3,16.5,15.0,16.5,16.6,16.2,16.0,15.8,16.4,16.4,17.0,16.7,16.9,16.8,17.2,16.4,16.6,16.5,16.8,17.2,17.3,16.7,16.8,16.9,16.1,16.6,16.6,17.3,17.6,18.2,16.7,17.4,16.8,17.7,17.2,17.7,17.3,18.0
2000-06-03,16.8,17.6,16.9,16.1,15.5,16.5,15.8,15.4,16.2,16.4,16.5,15.2,16.5,16.7,16.2,16.2,15.9,16.6,16.5,17.1,16.7,17.0,16.9,17.3,16.5,16.6,16.7,16.9,17.2,17.2,16.9,17.0,17.0,16.3,16.6,16.7,17.5,17.8,18.2,16.9,17.5,16.9,17.9,17.4,17.9,17.3,18.0
2000-06-04,16.9,17.7,16.9,16.3,15.7,16.6,16.0,15.6,16.3,16.4,16.6,15.2,16.6,16.7,16.2,16.4,16.0,16.6,16.7,17.2,16.9,17.0,16.9,17.4,16.5,16.8,16.8,17.1,17.2,17.2,17.0,17.2,17.0,16.4,16.7,16.9,17.6,17.9,18.2,17.1,17.5,17.1,18.0,17.5,18.2,17.5,18.1
2000-06-05,17.0,17.8,17.1,16.5,15.9,16.6,16.1,15.7,16.3,16.4,16.6,15.3,16.7,16.8,16.3,16.5,16.1,16.7,16.8,17.3,17.0,16.9,16.9,17.5,16.5,17.0,17.0,17.2,17.4,17.1,17.2,17.2,17.2,16.6,16.9,16.9,17.8,17.9,18.3,17.2,17.2,17.2,18.2,17.6,18.3,17.7,18.2
2000-06-06,17.1,17.9,17.1,16.6,15.9,16.7,16.1,15.9,16.4,16.4,16.7,15.5,16.8,17.0,16.4,16.6,16.3,16.8,16.9,17.5,17.1,16.8,16.9,17.6,16.9,17.1,17.1,17.4,17.5,17.1,17.3,17.3,17.3,16.7,17.1,17.0,18.0,17.9,18.4,17.3,17.2,17.5,18.3,17.7,18.4,17.9,18.2
2000-06-07,17.2,18.0,17.3,16.7,16.0,16.9,16.1,16.0,16.6,16.4,16.8,15.7,17.0,17.1,16.4,16.8,16.5,17.0,17.2,17.6,17.2,16.8,16.8,17.8,17.2,17.2,17.2,17.5,17.6,17.2,17.3,17.4,17.4,16.8,17.4,17.1,18.2,17.9,18.5,17.5,17.2,17.7,18.4,17.8,18.5,18.0,18.4
2000-06-08,17.3,18.1,17.4,16.6,16.0,17.0,16.1,16.0,16.7,16.6,16.9,15.8,17.1,17.2,16.4,16.8,16.8,17.3,17.3,17.7,17.3,16.9,16.9,18.1,17.2,17.3,17.3,17.7,17.8,17.5,17.4,17.6,17.5,17.0,17.6,17.3,18.2,18.0,18.6,17.6,17.3,17.9,18.5,18.0,18.6,18.2,18.6
2000-06-09,17.4,18.2,17.5,16.7,16.0,17.0,16.2,16.1,16.9,16.7,17.1,15.9,17.1,17.4,16.4,16.8,17.0,17.5,17.4,17.6,17.4,17.0,17.1,18.3,17.2,17.3,17.3,17.9,17.8,17.7,17.5,17.7,17.6,17.1,17.9,17.4,18.2,18.2,18.7,17.7,17.5,18.1,18.6,18.1,18.6,18.4,18.7
2000-06-10,17.5,18.3,17.6,16.8,16.1,17.1,16.3,16.3,17.0,16.8,17.2,16.1,17.2,17.4,16.4,16.8,17.1,17.6,17.5,17.7,17.5,17.0,17.1,18.4,17.4,17.4,17.4,18.2,17.8,18.0,17.6,17.7,17.7,17.2,18.2,17.6,18.1,18.4,18.8,17.8,17.5,18.3,18.6,18.3,18.6,18.5,18.8
2000-06-11,17.6,18.4,17.7,16.8,16.1,17.2,16.4,16.5,17.1,17.1,17.4,16.2,17.1,17.5,16.6,16.9,17.5,17.7,17.5,17.7,17.5,17.0,17.2,18.6,17.5,17.4,17.6,18.4,17.8,18.2,17.7,17.7,17.9,17.3,18.5,17.7,18.3,18.5,18.8,17.9,17.6,18.5,18.5,18.4,18.6,18.7,18.8
2000-06-12,17.7,18.6,17.6,17.0,16.2,17.2,16.6,16.6,17.2,17.3,17.4,16.3,17.2,17.5,16.7,17.1,17.6,17.8,17.5,17.9,17.5,17.2,17.3,18.7,17.6,17.4,17.7,18.4,17.9,18.3,17.8,17.8,18.1,17.4,18.6,17.8,18.3,18.6,18.9,17.9,17.7,18.6,18.5,18.6,18.7,18.8,18.8
2000-06-13,17.8,18.7,17.6,17.1,16.4,17.2,16.8,16.7,17.3,17.4,17.4,16.3,17.4,17.7,16.8,17.2,17.6,18.0,17.4,18.1,17.5,17.3,17.5,18.8,17.8,17.6,17.7,18.3,18.0,18.4,17.9,17.8,18.2,17.5,18.7,17.9,18.4,18.8,18.8,18.0,17.9,18.6,18.6,18.8,18.8,19.0,18.8
2000-06-14,17.9,18.8,17.5,17.2,16.6,17.3,16.9,16.9,17.4,17.5,17.5,16.4,17.4,17.7,16.9,17.4,17.6,18.4,17.5,18.2,17.6,17.4,17.6,19.0,17.9,17.7,17.6,18.4,18.1,18.5,18.0,17.9,18.3,17.5,18.8,18.0,18.4,19.0,18.8,18.2,18.1,18.7,18.8,19.0,18.8,19.1,18.9
2000-06-15,18.0,18.9,17.5,17.2,16.7,17.4,17.2,16.9,17.5,17.7,17.6,16.6,17.4,17.8,17.0,17.5,17.7,18.6,17.6,18.4,17.9,17.5,17.8,19.2,18.0,17.7,17.6,18.4,18.2,18.5,18.2,18.0,18.3,17.7,18.8,18.1,18.4,19.2,18.8,18.4,18.2,18.6,19.0,19.1,18.8,19.3,19.0
2000-06-16,18.1,19.0,17.5,17.3,16.8,17.4,17.5,17.0,17.8,17.8,17.7,16.9,17.4,17.8,17.1,17.7,17.9,18.7,17.6,18.5,18.1,17.6,18.1,19.4,18.1,17.9,17.8,18.5,18.2,18.7,18.4,18.2,18.4,17.9,18.8,18.3,18.5,19.4,18.9,18.6,18.5,18.7,19.2,19.2,18.8,19.4,19.1
2000-06-17,18.2,19.1,17.6,17.3,17.1,17.3,17.6,16.9,17.9,17.9,17.8,17.0,17.4,17.9,17.2,17.8,17.9,18.7,17.6,18.6,18.2,17.6,18.4,19.5,18.0,18.1,18.1,18.6,18.3,18.7,18.6,18.4,18.5,18.1,18.7,18.3,18.6,19.5,19.0,18.8,18.6,18.7,19.3,19.4,18.9,19.5,19.3
2000-06-18,18.3,19.2,17.7,17.4,17.4,17.3,17.6,17.0,18.0,18.0,17.9,17.1,17.5,17.9,17.4,17.9,17.8,18.8,17.6,18.6,18.2,17.6,18.5,19.5,18.0,18.4,18.5,18.8,18.4,18.8,18.6,18.4,18.7,18.3,18.8,18.3,18.7,19.5,19.1,19.0,18.6,18.7,19.3,19.5,19.0,19.7,19.4
2000-06-19,18.4,19.3,17.8,17.5,17.5,17.4,17.7,17.0,18.2,18.1,18.0,17.1,17.7,18.0,17.6,18.0,17.8,18.7,17.7,18.7,18.2,17.7,18.6,19.4,18.0,18.6,18.7,19.0,18.6,18.9,18.5,18.5,18.8,18.5,18.9,18.3,18.7,19.6,19.2,19.2,18.6,18.7,19.3,19.6,19.2,19.8,19.6
2000-06-20,18.5,19.4,17.9,17.5,17.5,17.6,17.8,17.1,18.2,18.3,18.1,17.1,17.8,18.1,17.7,18.1,17.9,18.6,17.9,18.8,18.3,17.8,18.7,19.4,18.2,18.8,18.8,19.1,18.7,18.9,18.5,18.6,18.9,18.6,18.9,18.4,18.8,19.7,19.4,19.4,18.7,18.8,19.3,19.8,19.3,20.0,19.9
2000-06-21,18.6,19.5,18.0,17.5,17.4,17.7,17.9,17.2,18.2,18.4,18.2,17.2,17.9,18.1,17.7,18.2,18.0,18.7,18.0,18.8,18.4,17.9,18.8,19.4,18.4,18.9,18.9,19.1,18.9,18.9,18.5,18.7,19.1,18.7,19.0,18.6,19.0,19.8,19.5,19.5,18.8,18.9,19.4,20.0,19.3,20.1,20.1
2000-06-22,18.7,19.6,18.3,17.6,17.3,17.8,18.0,17.3,18.4,18.6,18.3,17.3,17.9,18.2,17.7,18.3,18.0,18.7,18.1,18.7,18.4,18.0,19.0,19.6,18.6,19.1,19.1,19.2,19.1,19.0,18.5,18.8,19.2,18.7,19.2,18.7,19.1,19.9,19.5,19.5,19.0,19.0,19.4,20.2,19.4,20.2,20.4
2000-06-23,18.8,19.6,18.4,17.9,17.2,17.9,18.1,17.3,18.5,18.7,18.5,17.5,18.0,18.3,17.8,18.4,18.1,18.7,18.2,18.6,18.5,18.2,19.2,19.7,18.7,19.3,19.1,19.4,19.2,19.2,18.5,18.9,19.4,18.7,19.3,18.7,19.3,20.0,19.5,19.7,19.2,19.2,19.6,20.3,19.6,20.2,20.6
2000-06-24,18.9,19.7,18.5,18.0,17.3,18.0,18.3,17.4,18.4,18.8,18.7,17.7,18.2,18.4,17.9,18.4,18.1,18.7,18.4,18.5,18.5,18.5,19.3,19.7,18.8,19.4,19.2,19.6,19.3,19.3,18.6,18.9,19.4,18.7,19.4,18.7,19.5,20.0,19.5,19.9,19.5,19.4,19.7,20.5,19.7,20.3,20.9
2000-06-25,19.0,19.8,18.7,18.0,17.4,18.1,18.4,17.6,18.5,18.9,18.8,17.8,18.4,18.4,18.0,18.5,18.2,18.6,18.6,18.6,18.7,18.7,19.3,19.8,18.9,19.4,19.5,19.7,19.5,19.4,18.7,19.1,19.5,18.7,19.5,18.7,19.7,20.0,19.7,20.1,19.7,19.6,19.9,20.5,19.8,20.5,21.1
2000-06-26,19.1,19.9,18.8,18.0,17.6,18.2,18.7,17.7,18.6,19.0,18.9,18.0,18.5,18.6,18.2,18.6,18.2,18.5,18.8,18.7,18.8,18.9,19.2,19.9,19.1,19.4,19.7,19.7,19.6,19.6,18.9,19.2,19.6,18.7,19.6,18.8,19.6,20.2,19.8,20.2,19.8,19.8,20.0,20.6,19.9,20.6,21.2
2000-06-27,19.2,20.0,19.0,18.0,17.7,18.4,18.8,17.8,18.7,19.1,19.0,18.0,18.6,18.7,18.3,18.8,18.3,18.5,18.9,18.7,18.7,19.0,19.2,20.0,19.3,19.5,19.8,19.6,19.7,19.7,19.0,19.2,19.7,18.7,19.7,18.9,19.7,20.2,19.9,20.3,19.9,19.9,20.1,20.6,20.0,20.8,21.4
2000-06-28,19.2,20.1,19.0,18.0,17.8,18.4,18.9,18.0,18.8,19.1,19.1,18.0,18.7,18.7,18.5,19.0,18.3,18.4,19.1,18.8,18.8,19.1,19.2,20.2,19.4,19.6,19.9,19.6,19.9,19.9,19.2,19.1,19.7,18.7,19.7,19.1,19.8,20.3,20.1,20.4,20.1,20.1,20.2,20.7,20.0,20.9,21.5
2000-06-29,19.3,20.1,19.1,18.1,17.9,18.6,18.9,18.2,19.0,19.2,19.2,18.0,18.8,18.8,18.7,19.1,18.3,18.5,19.3,18.9,18.9,19.2,19.1,20.3,19.5,19.7,20.0,19.6,19.9,20.2,19.4,19.1,19.7,18.7,19.6,19.3,19.8,20.3,20.1,20.4,20.2,20.2,20.3,20.8,20.0,20.9,21.6
2000-06-30,19.4,20.2,19.2,18.3,18.0,18.7,18.9,18.3,19.2,19.3,19.2,18.1,18.8,18.8,18.8,19.2,18.4,18.6,19.4,19.0,19.1,19.4,19.2,20.3,19.6,19.7,20.2,19.7,20.1,20.6,19.5,19.2,19.8,18.6,19.6,19.5,19.9,20.4,20.0,20.4,20.2,20.3,20.5,20.8,20.1,21.0,21.6
2000-07-01,19.5,20.3,19.2,18.3,18.1,18.7,18.9,18.5,19.3,19.3,19.2,18.2,18.8,18.9,19.0,19.3,18.5,18.7,19.5,19.2,19.3,19.6,19.3,20.3,19.7,19.8,20.4,19.7,20.2,20.9,19.7,19.3,19.9,18.6,19.7,19.7,20.1,20.4,20.1,20.4,20.3,20.5,20.6,20.8,20.2,21.1,21.6
2000-07-02,19.6,20.4,19.3,18.4,18.1,18.8,19.0,18.7,19.4,19.4,19.3,18.4,18.7,18.9,19.2,19.3,18.6,18.8,19.5,19.3,19.4,19.8,19.3,20.4,19.7,19.9,20.6,19.8,20.3,21.0,19.8,19.5,19.9,18.5,19.8,19.8,20.2,20.4,20.1,20.4,20.4,20.6,20.7,20.7,20.2,21.2,21.6
2000-07-03,19.6,20.5,19.2,18.5,18.2,18.9,19.3,18.8,19.5,19.5,19.4,18.5,18.8,18.9,19.4,19.3,18.7,18.8,19.6,19.5,19.5,19.9,19.4,20.5,19.7,19.9,20.6,20.0,20.4,21.1,20.0,19.6,19.9,18.6,19.7,19.8,20.2,20.4,20.3,20.5,20.5,20.7,20.7,20.8,20.2,21.2,21.4
2000-07-04,19.7,20.5,19.2,18.6,18.4,19.1,19.4,19.0,19.5,19.6,19.4,18.7,18.8,19.0,19.6,19.3,18.8,19.0,19.6,19.7,19.6,20.0,19.5,20.5,19.8,20.0,20.6,20.0,20.5,21.1,20.1,19.7,20.1,18.8,19.7,20.0,20.3,20.3,20.4,20.5,20.5,20.8,20.8,20.8,20.2,21.3,21.4
2000-07-05,19.8,20.6,19.3,18.8,18.5,19.1,19.5,19.2,19.5,19.7,19.5,18.9,18.9,19.0,19.7,19.4,18.9,19.2,19.6,20.0,19.8,20.0,19.6,20.4,19.9,19.9,20.6,20.0,20.5,21.1,20.2,19.8,20.2,19.0,19.9,20.1,20.4,20.3,20.5,20.7,20.5,20.8,20.8,20.9,20.3,21.3,21.4
2000-07-06,19.9,20.7,19.3,19.1,18.7,19.1,19.5,19.4,19.6,19.7,19.4,19.0,19.0,19.0,19.7,19.5,18.9,19.3,19.6,20.1,19.9,20.0,19.7,20.4,20.0,20.0,20.5,20.0,20.4,21.1,20.2,20.0,20.3,19.2,20.0,20.2,20.4,20.4,20.6,20.8,20.5,20.8,20.8,21.0,20.2,21.4,21.4
2000-07-07,19.9,20.7,19.5,19.4,18.9,19.2,19.6,19.4,19.7,19.8,19.4,19.2,19.2,19.1,19.7,19.6,19.0,19.4,19.5,20.2,19.9,20.1,19.8,20.5,20.1,20.0,20.6,20.0,20.3,21.0,20.2,20.0,20.4,19.6,20.1,20.3,20.5,20.5,20.7,20.9,20.4,20.8,20.9,21.1,20.3,21.4,21.5
2000-07-08,20.0,20.8,19.7,19.6,19.0,19.3,19.6,19.4,19.9,19.9,19.4,19.4,19.3,19.1,19.8,19.7,19.1,19.5,19.5,20.3,19.8,20.2,19.8,20.6,20.1,20.1,20.6,20.0,20.3,20.9,20.2,20.1,20.5,19.9,20.2,20.3,20.6,20.7,20.9,20.9,20.4,20.9,20.9,21.1,20.4,21.4,21.6
2000-07-09,20.1,20.9,19.8,19.8,19.0,19.3,19.6,19.4,20.0,19.9,19.4,19.5,19.3,19.1,20.0,19.8,19.0,19.6,19.5,20.5,19.8,20.3,19.9,20.7,20.1,20.2,20.7,20.0,20.4,20.9,20.3,20.3,20.5,20.1,20.3,20.3,20.7,20.9,21.1,21.0,20.3,20.9,20.9,21.2,20.6,21.4,21.7
2000-07-10,20.2,21.0,19.8,20.1,19.0,19.4,19.6,19.5,20.1,19.9,19.4,19.6,19.3,19.1,20.1,19.7,19.0,19.6,19.5,20.6,19.8,20.3,20.0,20.8,20.1,20.4,20.8,20.0,20.5,20.8,20.5,20.4,20.6,20.2,20.3,20.3,20.8,21.0,21.2,21.0,20.3,20.9,20.9,21.4,20.9,21.3,21.9
2000-07-11,20.2,21.0,20.0,20.3,19.1,19.6,19.7,19.6,20.3,20.0,19.4,19.6,19.4,19.0,20.3,19.8,19.0,19.6,19.5,20.7,19.7,20.3,20.2,20.9,20.1,20.5,20.8,20.0,20.5,20.8,20.7,20.6,20.7,20.3,20.3,20.3,20.9,21.1,21.2,20.9,20.4,21.0,21.0,21.5,21.1,21.4,22.0
2000-07-12,20.3,21.1,20.1,20.4,19.2,19.8,19.8,19.6,20.3,20.1,19.4,19.6,19.5,19.1,20.3,20.1,19.1,19.7,19.6,20.7,19.8,20.4,20.4,21.0,20.1,20.6,20.8,20.0,20.6,20.8,20.9,20.7,20.9,20.5,20.4,20.4,21.0,21.2,21.3,21.0,20.5,21.0,21.1,21.6,21.2,21.4,22.0
2000-07-13,20.4,21.2,20.1,20.6,19.4,19.9,19.7,19.7,20.3,20.2,19.5,19.7,19.5,19.1,20.3,20.3,19.1,19.9,19.7,20.6,19.6,20.4,20.5,21.1,20.0,20.6,20.9,20.0,20.6,20.8,21.0,20.8,20.9,20.6,20.4,20.6,20.9,21.2,21.5,21.0,20.5,21.1,21.2,21.7,21.3,21.5,22.1
2000-07-14,20.4,21.2,20.2,20.7,19.5,20.0,19.6,19.8,20.4,20.3,19.7,19.7,19.5,19.1,20.3,20.3,19.2,20.0,19.7,20.6,19.5,20.6,20.6,21.3,19.9,20.7,21.0,20.0,20.6,20.7,21.1,20.8,20.9,20.6,20.5,20.7,20.9,21.2,21.6,21.0,20.5,21.1,21.2,21.8,21.4,21.6,22.2
2000-07-15,20.5,21.3,20.2,20.8,19.6,19.9,19.6,20.0,20.4,20.3,19.9,19.8,19.5,19.3,20.3,20.5,19.4,20.0,19.7,20.6,19.5,20.7,20.6,21.3,19.9,20.7,21.2,20.2,20.6,20.8,21.2,20.7,20.9,20.7,20.6,20.9,20.7,21.2,21.7,21.0,20.6,21.2,21.2,21.9,21.5,21.7,22.4
2000-07-16,20.6,21.3,20.2,20.7,19.7,19.9,19.8,20.2,20.3,20.3,20.1,19.8,19.6,19.4,20.4,20.6,19.5,19.9,19.7,20.6,19.6,20.6,20.7,21.4,20.0,20.7,21.4,20.3,20.5,20.9,21.2,20.7,20.9,20.7,20.7,21.1,20.7,21.3,21.7,20.9,20.8,21.3,21.3,22.0,21.6,21.9,22.6
2000-07-17,20.6,21.4,20.4,20.7,19.7,19.9,19.9,20.2,20.3,20.4,20.2,19.9,19.8,19.5,20.5,20.7,19.6,19.9,19.8,20.7,19.7,20.5,20.8,21.5,20.1,20.8,21.6,20.5,20.5,21.0,21.3,20.7,20.8,20.8,20.8,21.1,20.7,21.2,21.7,20.9,20.8,21.4,21.4,22.1,21.8,22.0,22.7
2000-07-18,20.7,21.4,20.5,20.7,19.8,20.0,19.9,20.3,20.4,20.4,20.3,20.0,20.0,19.6,20.6,20.7,19.7,20.0,19.9,20.8,19.7,20.4,20.8,21.6,20.2,21.0,21.6,20.7,20.5,20.9,21.4,20.7,20.8,21.0,21.0,21.1,20.8,21.2,21.7,21.0,20.9,21.5,21.5,22.1,21.9,22.2,22.7
2000-07-19,20.7,21.5,20.7,20.6,19.8,20.1,19.8,20.3,20.4,20.4,20.3,20.1,20.2,19.7,20.7,20.8,19.9,20.0,20.0,20.8,19.9,20.4,20.8,21.8,20.3,21.1,21.7,20.8,20.6,20.8,21.5,20.7,20.7,21.0,21.1,21.2,20.9,21.1,21.8,21.1,20.9,21.6,21.5,22.3,22.0,22.3,22.7
2000-07-20,20.8,21.6,20.8,20.6,19.8,20.3,19.7,20.3,20.5,20.6,20.4,20.2,20.3,19.7,20.8,20.9,20.0,20.2,20.1,20.9,20.1,20.3,20.9,21.9,20.4,21.0,21.7,20.9,20.7,20.8,21.6,20.7,20.8,21.1,21.3,21.3,20.9,21.1,21.9,21.2,21.0,21.8,21.6,22.4,22.1,22.4,22.8
2000-07-21,20.9,21.6,20.8,20.6,19.8,20.3,19.8,20.4,20.5,20.6,20.5,20.3,20.3,19.6,20.8,20.9,20.1,20.4,20.2,20.8,20.2,20.4,20.9,22.0,20.5,21.1,21.8,21.0,20.7,20.9,21.6,20.7,20.9,21.2,21.3,21.4,21.0,21.2,22.0,21.3,21.0,21.9,21.6,22.4,22.2,22.4,22.8
2000-07-22,20.9,21.7,20.7,20.7,19.9,20.4,19.9,20.4,20.6,20.7,20.6,20.4,20.3,19.6,20.9,20.9,20.1,20.5,20.3,20.8,20.2,20.5,20.8,22.0,20.6,21.1,21.8,21.0,20.7,21.0,21.6,20.6,20.9,21.3,21.5,21.5,21.1,21.3,22.0,21.5,21.1,21.9,21.7,22.5,22.2,22.5,22.8
2000-07-23,21.0,21.7,20.9,20.7,20.0,20.3,19.9,20.5,20.7,20.8,20.8,20.4,20.4,19.6,20.9,20.9,20.1,20.6,20.4,20.8,20.2,20.6,20.8,21.9,20.8,21.2,21.9,21.1,20.8,21.1,21.6,20.6,21.0,21.4,21.7,21.6,21.2,21.4,22.1,21.7,21.2,21.8,21.8,22.6,22.2,22.7,22.7
2000-07-24,21.0,21.7,21.1,20.8,20.0,20.4,19.9,20.6,20.7,20.9,20.9,20.4,20.5,19.7,21.1,20.9,20.0,20.7,20.5,20.8,20.2,20.8,20.6,21.9,20.9,21.3,22.1,21.2,20.8,21.2,21.5,20.5,21.1,21.5,21.8,21.6,21.3,21.5,22.2,21.9,21.2,21.7,21.9,22.6,22.3,22.8,22.7
2000-07-25,21.1,21.8,21.2,20.8,20.0,20.5,19.9,20.7,20.8,21.0,20.9,20.3,20.6,19.7,21.2,21.0,20.0,20.7,20.6,20.9,20.3,21.0,20.6,21.9,20.9,21.3,22.2,21.2,20.9,21.3,21.3,20.6,21.3,21.7,22.0,21.6,21.4,21.4,22.4,22.0,21.3,21.8,21.9,22.5,22.3,22.8,22.6
2000-07-26,21.1,21.8,21.1,20.9,20.0,20.5,20.0,20.6,20.8,20.9,21.0,20.3,20.8,19.7,21.2,21.2,20.1,20.8,20.7,20.8,20.4,21.1,20.7,22.0,20.9,21.3,22.4,21.2,21.0,21.3,21.3,20.8,21.3,21.9,22.1,21.6,21.4,21.4,22.5,22.1,21.4,21.8,22.0,22.3,22.4,22.8,22.4
2000-07-27,21.2,21.9,21.0,20.9,20.1,20.6,20.1,20.5,20.8,20.9,21.0,20.4,20.8,19.8,21.3,21.3,20.2,20.9,20.9,20.9,20.6,21.3,20.8,22.1,21.0,21.3,22.4,21.2,21.1,21.1,21.3,20.9,21.3,22.0,22.2,21.6,21.5,21.4,22.6,22.0,21.4,21.9,22.0,22.2,22.4,22.8,22.3
2000-07-28,21.2,21.9,21.1,20.9,20.2,20.7,20.3,20.5,20.8,20.8,21.0,20.5,20.8,20.0,21.3,21.4,20.3,21.0,20.9,20.9,20.7,21.4,21.0,22.1,21.1,21.4,22.4,21.2,21.3,21.1,21.4,21.0,21.3,21.9,22.2,21.6,21.6,21.4,22.6,22.0,21.4,22.0,22.0,22.2,22.5,22.7,22.4
2000-07-29,21.2,21.9,21.1,20.9,20.2,20.7,20.4,20.5,20.8,20.8,21.0,20.6,20.8,20.1,21.4,21.6,20.4,21.0,20.9,21.1,20.9,21.5,21.1,22.1,21.3,21.6,22.3,21.2,21.3,21.2,21.4,21.0,21.3,21.9,22.1,21.7,21.7,21.5,22.6,21.9,21.5,22.0,22.1,22.2,22.6,22.5,22.5
2000-07-30,21.3,22.0,21.1,20.9,20.3,20.8,20.4,20.4,20.7,20.8,21.1,20.7,20.9,20.2,21.4,21.8,20.5,21.0,20.8,21.2,21.0,21.5,21.3,22.1,21.4,21.6,22.4,21.2,21.4,21.2,21.3,21.0,21.4,21.8,22.0,21.7,21.8,21.6,22.6,21.9,21.6,22.1,22.1,22.3,22.6,22.5,22.6
2000-07-31,21.3,22.0,21.0,21.0,20.4,20.7,20.5,20.4,20.8,20.8,21.1,20.7,20.9,20.2,21.4,21.8,20.5,21.0,20.7,21.4,21.0,21.5,21.4,22.1,21.4,21.6,22.4,21.2,21.5,21.2,21.3,21.0,21.4,21.8,22.0,21.7,21.8,21.7,22.7,21.9,21.7,22.1,22.1,22.4,22.7,22.4,22.6
2000-08-01,21.4,22.1,21.0,21.0,20.5,20.5,20.5,20.4,20.8,20.8,21.2,20.7,20.9,20.2,21.4,21.9,20.6,21.0,20.8,21.6,21.0,21.5,21.4,22.2,21.5,21.5,22.4,21.1,21.5,21.2,21.3,21.1,21.5,21.8,22.0,21.7,21.9,21.8,22.7,22.0,21.8,22.1,22.2,22.4,22.7,22.3,22.7
2000-08-02,21.4,22.1,21.1,21.0,20.5,20.5,20.5,20.3,20.8,20.8,21.4,20.8,21.0,20.2,21.5,22.0,20.7,21.0,20.9,21.7,21.0,21.5,21.4,22.2,21.6,21.5,22.4,21.1,21.5,21.3,21.4,21.2,21.7,21.9,22.1,21.7,21.9,21.9,22.9,22.0,21.8,22.1,22.2,22.5,22.7,22.2,22.8
2000-08-03,21.4,22.1,21.3,21.0,20.5,20.5,20.6,20.4,20.7,20.8,21.4,21.0,21.0,20.3,21.7,21.9,20.8,21.1,21.0,21.8,20.9,21.5,21.5,22.3,21.6,21.5,22.3,21.2,21.5,21.4,21.5,21.2,21.8,21.9,22.1,21.7,21.9,22.0,23.0,22.1,21.8,22.2,22.3,22.5,22.7,22.2,22.9
2000-08-04,21.4,22.1,21.2,20.8,20.5,20.5,20.6,20.5,20.7,20.8,21.4,21.1,21.1,20.4,21.8,21.9,20.9,21.1,21.0,21.8,20.8,21.5,21.5,22.4,21.7,21.4,22.3,21.2,21.4,21.5,21.5,21.3,21.8,21.9,22.2,21.8,21.9,22.1,23.0,22.1,21.7,22.3,22.3,22.4,22.7,22.2,23.0
2000-08-05,21.5,22.2,21.2,20.9,20.5,20.5,20.6,20.6,20.7,20.8,21.3,21.2,21.1,20.6,21.8,22.0,20.9,21.1,21.0,21.8,20.8,21.4,21.6,22.5,21.8,21.4,22.2,21.3,21.5,21.6,21.6,21.3,21.8,21.9,22.2,21.9,21.9,22.2,23.0,22.1,21.7,22.3,22.3,22.3,22.8,22.1,23.0
2000-08-06,21.5,22.2,21.3,20.9,20.6,20.5,20.6,20.5,20.8,20.8,21.2,21.2,21.2,20.7,21.8,22.1,21.1,21.3,21.0,21.8,20.9,21.5,21.7,22.5,21.8,21.3,22.3,21.3,21.5,21.6,21.6,21.4,21.8,22.0,22.3,22.0,21.9,22.2,23.0,22.1,21.9,22.2,22.3,22.2,22.9,22.0,23.1
2000-08-07,21.5,22.2,21.3,20.9,20.5,20.4,20.7,20.5,20.9,20.9,21.1,21.2,21.2,20.7,21.8,22.1,21.1,21.4,21.1,21.7,20.9,21.4,21.7,22.7,21.9,21.3,22.3,21.3,21.6,21.6,21.7,21.4,21.8,22.1,22.3,22.1,21.8,22.2,22.9,22.1,22.0,22.2,22.2,22.1,22.9,22.0,23.1
2000-08-08,21.5,22.2,21.3,20.8,20.5,20.3,20.8,20.5,21.0,21.0,21.0,21.2,21.3,20.7,21.9,22.1,21.2,21.5,21.2,21.6,20.9,21.5,21.6,22.8,21.9,21.2,22.2,21.3,21.5,21.6,21.7,21.3,21.9,22.0,22.4,22.1,21.6,22.2,22.9,22.2,22.1,22.1,22.3,21.9,22.9,22.0,23.1
2000-08-09,21.6,22.2,21.3,20.7,20.4,20.3,20.8,20.5,21.0,21.1,21.0,21.2,21.3,20.7,21.9,22.0,21.3,21.4,21.3,21.6,20.9,21.5,21.5,22.8,21.9,21.1,22.1,21.3,21.5,21.6,21.7,21.3,22.0,21.9,22.3,22.0,21.5,22.2,22.8,22.2,22.1,22.0,22.4,21.8,22.9,22.0,23.2
2000-08-10,21.6,22.2,21.2,20.8,20.4,20.3,20.8,20.6,21.1,21.2,21.1,21.1,21.3,20.7,21.8,21.9,21.2,21.5,21.3,21.7,20.9,21.5,21.4,22.8,22.0,21.1,21.9,21.4,21.4,21.6,21.7,21.1,22.1,21.8,22.2,22.1,21.4,22.1,22.7,22.2,22.2,22.1,22.4,21.9,22.9,22.1,23.2
2000-08-11,21.6,22.2,21.2,20.9,20.5,20.3,20.8,20.6,21.2,21.2,21.2,21.1,21.2,20.7,21.9,21.9,21.2,21.7,21.4,21.7,21.0,21.5,21.3,22.9,22.0,21.1,21.8,21.4,21.4,21.6,21.8,21.1,22.1,21.8,22.2,22.2,21.4,22.0,22.5,22.1,22.3,22.2,22.5,21.9,22.9,22.2,23.3
2000-08-12,21.6,22.2,21.2,21.1,20.5,20.3,20.8,20.7,21.1,21.2,21.3,21.2,21.1,20.7,21.8,21.9,21.2,21.8,21.4,21.7,21.1,21.4,21.2,22.9,22.0,21.2,21.8,21.4,21.5,21.5,21.9,20.9,22.1,21.8,22.2,22.2,21.4,21.8,22.5,22.2,22.4,22.3,22.6,21.9,23.0,22.3,23.4
2000-08-13,21.6,22.2,21.2,21.1,20.5,20.4,20.8,20.9,21.1,21.3,21.3,21.3,21.1,20.7,21.8,21.9,21.1,21.8,21.3,21.7,21.2,21.4,21.3,22.8,22.1,21.3,21.7,21.4,21.5,21.5,21.9,21.0,22.0,21.8,22.1,22.1,21.3,21.7,22.5,22.1,22.4,22.4,22.6,22.0,23.0,22.4,23.5
2000-08-14,21.6,22.2,21.1,21.1,20.6,20.5,20.9,20.9,21.2,21.4,21.3,21.3,21.2,20.7,21.7,21.8,21.1,21.9,21.3,21.7,21.2,21.5,21.3,22.7,22.1,21.3,21.6,21.5,21.5,21.7,21.9,21.1,22.1,21.8,22.0,22.1,21.2,21.7,22.4,22.0,22.4,22.4,22.6,22.0,22.9,22.5,23.4
2000-08-15,21.6,22.2,21.1,21.0,20.8,20.5,21.0,20.8,21.3,21.5,21.3,21.3,21.2,20.8,21.7,21.9,21.1,22.0,21.4,21.7,21.3,21.5,21.3,22.7,22.1,21.3,21.6,21.5,21.4,21.7,21.9,21.3,22.1,21.8,21.9,22.1,21.3,21.7,22.4,22.0,22.5,22.4,22.6,22.1,22.9,22.5,23.3
2000-08-16,21.6,22.2,21.0,20.9,20.9,20.6,21.0,20.8,21.3,21.5,21.3,21.2,21.2,20.8,21.6,21.9,21.2,22.0,21.4,21.6,21.4,21.6,21.4,22.6,22.1,21.3,21.6,21.4,21.4,21.7,22.0,21.4,22.2,21.8,21.8,22.1,21.4,21.8,22.4,22.0,22.5,22.3,22.6,22.2,22.9,22.5,23.3
2000-08-17,21.6,22.2,21.0,20.8,20.9,20.7,20.9,20.8,21.4,21.6,21.2,21.2,21.2,20.9,21.5,22.0,21.3,22.0,21.4,21.6,21.4,21.6,21.5,22.6,22.0,21.3,21.7,21.3,21.4,21.7,21.9,21.5,22.4,21.7,21.7,22.1,21.4,21.9,22.3,21.9,22.5,22.2,22.6,22.2,22.8,22.5,23.2
2000-08-18,21.6,22.2,21.0,20.8,20.9,20.8,20.9,20.8,21.3,21.5,21.1,21.1,21.1,20.9,21.5,22.1,21.4,22.0,21.4,21.6,21.5,21.6,21.6,22.6,21.9,21.3,21.7,21.2,21.4,21.8,21.9,21.5,22.4,21.7,21.5,22.0,21.5,21.9,22.3,21.9,22.6,22.0,22.6,22.3,22.8,22.5,23.2
2000-08-19,21.6,22.2,21.0,20.8,21.0,20.9,20.9,20.9,21.3,21.5,21.1,21.1,21.1,21.0,21.4,22.2,21.4,22.1,21.3,21.6,21.5,21.6,21.7,22.6,21.7,21.2,21.7,21.2,21.3,21.9,22.0,21.5,22.4,21.7,21.3,22.0,21.5,21.9,22.2,21.9,22.6,21.9,22.6,22.4,22.8,22.5,23.2
2000-08-20,21.6,22.2,21.1,20.9,21.1,20.9,20.8,21.0,21.3,21.6,21.1,21.2,21.2,21.0,21.4,22.2,21.4,22.1,21.3,21.6,21.5,21.6,21.7,22.6,21.6,21.3,21.7,21.2,21.3,21.9,22.0,21.5,22.4,21.7,21.3,21.9,21.6,21.9,22.2,21.9,22.5,21.9,22.6,22.5,22.8,22.4,23.2
2000-08-21,21.5,22.1,21.1,20.9,21.0,20.8,20.7,21.0,21.2,21.6,21.1,21.2,21.3,21.0,21.5,22.2,21.4,22.0,21.3,21.6,21.6,21.7,21.7,22.6,21.6,21.3,21.7,21.2,21.4,21.9,21.9,21.5,22.4,21.7,21.4,21.9,21.6,21.9,22.3,21.9,22.4,22.0,22.5,22.6,22.7,22.3,23.1
2000-08-22,21.5,22.1,21.0,21.0,21.0,20.8,20.7,21.0,21.0,21.6,21.0,21.2,21.3,20.9,21.6,22.1,21.3,21.9,21.3,21.7,21.6,21.8,21.7,22.5,21.6,21.2,21.8,21.3,21.4,21.8,21.9,21.6,22.4,21.7,21.5,21.8,21.6,21.8,22.4,22.0,22.3,22.0,22.6,22.7,22.6,22.3,23.1
2000-08-23,21.5,22.1,20.9,21.0,20.9,20.7,20.7,21.0,20.9,21.6,21.0,21.1,21.2,20.8,21.6,22.1,21.3,21.8,21.2,21.8,21.6,21.8,21.7,22.6,21.5,21.2,21.8,21.4,21.4,21.8,21.8,21.6,22.3,21.8,21.5,21.7,21.7,21.8,22.3,22.1,22.3,22.0,22.6,22.8,22.7,22.3,23.1
2000-08-24,21.5,22.1,20.8,21.0,20.8,20.6,20.7,20.9,20.9,21.5,20.9,21.2,21.2,20.7,21.5,21.9,21.3,21.7,21.2,21.8,21.6,21.9,21.6,22.6,21.4,21.1,21.8,21.5,21.3,21.7,21.8,21.6,22.3,21.7,21.5,21.6,21.6,21.8,22.2,22.2,22.2,22.0,22.6,22.9,22.7,22.4,23.1
2000-08-25,21.5,22.1,20.6,20.9,20.8,20.5,20.7,20.8,20.9,21.4,20.9,21.2,21.2,20.6,21.4,21.8,21.2,21.6,21.1,21.7,21.5,22.0,21.6,22.6,21.2,21.1,21.8,21.5,21.3,21.7,21.7,21.6,22.3,21.6,21.5,21.5,21.6,21.8,22.1,22.3,22.2,22.0,22.5,22.9,22.6,22.4,23.1
2000-08-26,21.4,22.0,20.5,20.9,20.8,20.4,20.7,20.7,20.9,21.3,20.9,21.2,21.3,20.5,21.4,21.7,21.2,21.6,21.1,21.7,21.4,21.9,21.5,22.4,21.2,21.1,21.8,21.5,21.3,21.7,21.7,21.6,22.2,21.6,21.5,21.4,21.6,21.9,22.0,22.4,22.2,22.0,22.5,22.9,22.5,22.3,23.1
2000-08-27,21.4,22.0,20.4,20.9,20.8,20.3,20.7,20.6,20.9,21.4,21.0,21.3,21.2,20.5,21.3,21.5,21.2,21.5,21.0,21.6,21.3,21.9,21.4,22.3,21.2,21.0,21.7,21.5,21.3,21.7,21.7,21.4,22.1,21.6,21.5,21.5,21.7,21.9,21.9,22.4,22.2,22.0,22.5,22.7,22.5,22.2,23.1
2000-08-28,21.4,22.0,20.5,20.9,20.7,20.3,20.5,20.5,20.8,21.3,21.0,21.3,21.2,20.6,21.2,21.4,21.1,21.5,21.0,21.6,21.2,21.8,21.4,22.2,21.2,21.0,21.6,21.5,21.2,21.7,21.6,21.2,21.9,21.6,21.5,21.6,21.7,21.9,21.8,22.3,22.3,22.0,22.6,22.5,22.6,22.1,23.0
2000-08-29,21.3,21.9,20.5,20.7,20.5,20.3,20.4,20.5,20.6,21.1,21.0,21.2,21.0,20.6,21.1,21.2,21.0,21.4,21.0,21.5,21.2,21.8,21.4,22.1,21.2,20.9,21.5,21.4,21.3,21.6,21.5,21.1,21.7,21.5,21.5,21.6,21.7,21.9,21.8,22.3,22.1,22.0,22.6,22.3,22.5,22.1,22.9
2000-08-30,21.3,21.9,20.4,20.6,20.5,20.3,20.2,20.5,20.5,21.0,21.0,21.2,20.9,20.5,21.2,21.2,20.9,21.3,20.9,21.5,21.1,21.7,21.3,22.0,21.2,21.0,21.4,21.3,21.3,21.5,21.4,21.1,21.7,21.5,21.5,21.6,21.7,21.8,21.8,22.3,22.1,22.0,22.6,22.1,22.5,22.0,22.9
2000-08-31,21.3,21.9,20.3,20.5,20.5,20.3,20.0,20.5,20.5,20.9,20.8,21.1,20.8,20.5,21.3,21.1,20.8,21.2,20.8,21.5,21.0,21.6,21.2,21.9,21.2,21.0,21.3,21.2,21.3,21.5,21.3,21.1,21.6,21.4,21.5,21.6,21.7,21.7,21.8,22.2,22.0,21.9,22.6,22.1,22.5,22.0,22.9
2000-09-01,21.2,21.8,20.3,20.5,20.6,20.2,20.0,20.5,20.5,20.7,20.6,21.0,20.7,20.4,21.3,21.0,20.7,21.0,20.8,21.5,21.0,21.5,21.1,21.9,21.3,21.1,21.3,21.2,21.2,21.4,21.2,21.2,21.4,21.4,21.4,21.6,21.6,21.6,21.9,22.1,22.0,21.8,22.6,22.1,22.5,22.0,
2000-09-02,21.2,21.8,20.3,20.4,20.6,20.3,20.0,20.5,20.5,20.5,20.6,21.1,20.6,20.4,21.3,20.9,20.5,20.9,20.7,21.6,21.0,21.4,21.1,21.8,21.3,21.1,21.1,21.1,21.1,21.4,21.1,21.2,21.3,21.3,21.4,21.6,21.6,21.5,21.9,22.0,22.0,21.8,22.5,22.1,22.5,22.0,
2000-09-03,21.1,21.8,20.3,20.4,20.6,20.3,20.0,20.5,20.5,20.4,20.6,21.0,20.5,20.4,21.2,20.7,20.5,20.8,20.7,21.5,20.9,21.3,21.1,21.8,21.2,21.2,21.1,21.1,21.1,21.3,21.1,21.2,21.2,21.3,21.4,21.5,21.6,21.4,21.9,21.9,22.0,21.6,22.4,22.1,22.4,21.9,
2000-09-04,21.1,21.7,20.2,20.3,20.5,20.2,19.9,20.5,20.5,20.5,20.6,20.9,20.5,20.3,21.1,20.6,20.5,20.8,20.7,21.5,20.9,21.1,21.0,21.7,21.1,21.1,21.2,21.0,21.1,21.3,21.0,21.2,21.2,21.3,21.5,21.4,21.6,21.4,21.8,21.8,21.9,21.6,22.3,22.1,22.4,21.9,
2000-09-05,21.0,21.7,20.2,20.2,20.3,20.1,19.9,20.5,20.5,20.4,20.5,20.9,20.3,20.1,21.0,20.6,20.5,20.7,20.7,21.4,20.9,21.0,21.0,21.5,21.0,21.0,21.2,20.9,21.1,21.2,21.0,21.2,21.2,21.2,21.6,21.4,21.6,21.4,21.8,21.7,21.8,21.6,22.2,22.0,22.4,21.9,
2000-09-06,21.0,21.6,20.1,20.2,20.2,19.9,19.9,20.5,20.5,20.3,20.5,20.8,20.1,20.1,21.0,20.5,20.5,20.6,20.7,21.3,20.8,20.9,20.9,21.2,20.9,21.0,21.2,20.9,21.0,21.1,21.0,21.1,21.1,21.2,21.6,21.3,21.6,21.3,21.8,21.5,21.7,21.7,22.1,22.0,22.3,21.8,
2000-09-07,20.9,21.6,20.1,20.1,20.1,19.8,19.9,20.5,20.5,20.2,20.5,20.8,20.0,20.0,20.9,20.4,20.4,20.4,20.6,21.3,20.7,20.9,20.9,21.1,20.9,20.9,21.2,20.9,21.0,21.0,20.9,21.0,21.0,21.1,21.6,21.2,21.6,21.2,21.7,21.4,21.7,21.7,22.0,22.1,22.3,21.8,
2000-09-08,20.9,21.5,20.0,20.1,20.0,19.8,19.8,20.5,20.3,20.1,20.4,20.8,19.9,20.0,20.8,20.5,20.2,20.4,20.5,21.2,20.6,20.9,20.9,21.1,20.9,20.8,21.2,20.8,21.0,20.8,20.9,21.0,21.1,21.0,21.6,21.1,21.5,21.1,21.7,21.3,21.7,21.7,21.9,22.1,22.2,21.7,
2000-09-09,20.8,21.5,20.1,20.1,20.0,19.9,19.8,20.5,20.2,20.0,20.2,20.7,19.8,20.0,20.7,20.5,20.0,20.3,20.5,21.2,20.4,20.7,20.9,21.0,20.8,20.8,21.1,20.6,21.0,20.8,20.9,21.1,21.1,21.0,21.6,21.1,21.4,21.0,21.7,21.2,21.6,21.6,21.9,22.1,22.1,21.7,
2000-09-10,20.8,21.4,20.2,20.0,19.9,19.9,19.7,20.4,20.1,20.0,20.1,20.6,19.8,20.0,20.7,20.5,19.9,20.3,20.4,21.3,20.4,20.6,20.9,21.0,20.7,20.7,21.0,20.6,21.0,20.7,20.8,21.1,21.0,20.9,21.6,21.1,21.4,20.8,21.6,21.2,21.6,21.6,21.9,22.1,21.9,21.7,
2000-09-11,20.7,21.3,20.2,19.9,20.1,19.8,19.7,20.4,20.0,20.0,20.1,20.5,19.8,19.9,20.6,20.4,19.7,20.3,20.3,21.2,20.4,20.5,20.9,20.9,20.6,20.6,20.8,20.5,20.9,20.7,20.7,21.1,20.9,20.9,21.6,21.1,21.4,20.7,21.6,21.1,21.6,21.5,22.0,22.1,21.7,21.6,
2000-09-12,20.6,21.3,20.2,19.9,20.1,19.7,19.8,20.4,19.9,20.0,20.1,20.5,19.7,19.8,20.6,20.4,19.6,20.3,20.1,21.1,20.4,20.5,20.9,20.8,20.5,20.6,20.8,20.4,20.8,20.6,20.7,21.1,20.8,20.9,21.6,21.0,21.5,20.7,21.5,21.1,21.6,21.5,21.9,22.0,21.6,21.5,
2000-09-13,20.6,21.2,20.1,19.8,20.0,19.7,19.8,20.4,19.8,19.9,20.2,20.5,19.7,19.8,20.6,20.3,19.6,20.2,19.9,21.0,20.4,20.4,20.9,20.9,20.3,20.7,20.8,20.2,20.7,20.6,20.6,21.0,20.7,20.9,21.6,20.8,21.5,20.6,21.4,21.0,21.6,21.5,21.9,21.9,21.4,21.5,
2000-09-14,20.5,21.2,20.1,19.8,19.9,19.6,19.8,20.4,19.8,19.8,20.1,20.5,19.6,19.6,20.3,20.2,19.6,20.1,19.8,20.9,20.4,20.3,20.8,20.9,20.2,20.6,20.7,20.2,20.6,20.6,20.6,21.0,20.6,20.8,21.6,20.7,21.4,20.5,21.3,20.9,21.6,21.4,21.8,21.9,21.3,21.4,
2000-09-15,20.5,21.1,20.0,19.7,19.8,19.5,19.8,20.4,19.6,19.9,20.0,20.4,19.6,19.5,20.1,20.1,19.5,20.0,19.7,20.8,20.5,20.2,20.7,20.8,20.1,20.6,20.7,20.2,20.5,20.5,20.6,20.9,20.5,20.7,21.5,20.7,21.3,20.5,21.2,20.7,21.6,21.3,21.7,21.8,21.1,21.4,
2000-09-16,20.4,21.0,19.9,19.6,19.7,19.4,19.8,20.3,19.4,19.9,19.9,20.3,19.6,19.5,20.0,20.0,19.5,19.9,19.7,20.7,20.4,20.0,20.7,20.6,20.1,20.5,20.5,20.1,20.3,20.3,20.5,20.8,20.5,20.5,21.5,20.6,21.2,20.4,21.1,20.6,21.6,21.3,21.6,21.8,21.0,21.4,
2000-09-17,20.3,21.0,20.0,19.5,19.7,19.4,19.8,20.4,19.4,19.9,19.8,20.3,19.6,19.4,19.9,19.9,19.5,19.8,19.7,20.6,20.4,20.0,20.6,20.5,20.1,20.4,20.5,20.1,20.2,20.2,20.4,20.8,20.4,20.4,21.5,20.6,21.1,20.4,21.1,20.6,21.5,21.2,21.5,21.7,20.9,21.3,
2000-09-18,20.3,20.9,20.0,19.4,19.6,19.4,19.7,20.4,19.3,19.8,19.7,20.3,19.5,19.4,19.8,19.6,19.4,19.7,19.7,20.6,20.3,19.9,20.6,20.5,20.0,20.2,20.6,20.0,20.2,20.2,20.3,20.8,20.4,20.3,21.3,20.6,21.0,20.4,21.1,20.6,21.4,21.2,21.4,21.6,20.8,21.3,
2000-09-19,20.2,20.9,20.0,19.3,19.5,19.3,19.6,20.4,19.3,19.8,19.7,20.3,19.4,19.4,19.6,19.5,19.3,19.7,19.7,20.5,20.2,19.9,20.5,20.5,20.0,20.1,20.6,19.9,20.1,20.1,20.3,20.6,20.3,20.2,21.2,20.6,20.9,20.3,21.0,20.6,21.3,21.2,21.2,21.5,20.8,21.2,
2000-09-20,20.1,20.8,20.0,19.2,19.4,19.3,19.5,20.4,19.3,19.8,19.6,20.2,19.4,19.3,19.6,19.5,19.2,19.7,19.7,20.4,20.1,19.9,20.5,20.5,19.9,20.2,20.6,19.8,20.0,20.1,20.3,20.5,20.2,20.1,21.1,20.5,20.9,20.2,20.9,20.5,21.2,21.2,21.1,21.4,20.8,21.1,
2000-09-21,20.1,20.7,20.0,19.2,19.3,19.3,19.4,20.3,19.2,19.8,19.5,20.1,19.3,19.2,19.6,19.5,19.1,19.6,19.6,20.3,20.1,19.9,20.4,20.5,19.8,20.1,20.5,19.7,19.9,20.0,20.2,20.3,20.1,20.2,21.1,20.4,20.8,20.2,20.8,20.3,21.1,21.1,21.0,21.4,20.7,21.0,
2000-09-22,20.0,20.7,19.9,19.2,19.3,19.3,19.3,20.2,19.1,19.7,19.5,20.0,19.2,19.1,19.5,19.5,19.0,19.6,19.6,20.3,20.1,19.9,20.4,20.4,19.7,20.1,20.4,19.6,19.8,20.0,20.2,20.2,20.0,20.2,21.1,20.3,20.7,20.1,20.8,20.2,21.0,21.0,20.9,21.4,20.6,20.9,
2000-09-23,19.9,20.6,19.9,19.2,19.3,19.4,19.3,20.2,19.1,19.6,19.5,19.9,19.1,19.0,19.4,19.5,18.8,19.6,19.6,20.2,19.9,19.8,20.3,20.3,19.7,20.1,20.3,19.6,19.8,19.9,20.1,20.1,20.0,20.1,21.0,20.2,20.6,20.0,20.7,20.2,21.0,20.8,20.8,21.3,20.6,20.8,
2000-09-24,19.9,20.6,19.9,19.2,19.2,19.5,19.2,20.0,19.0,19.6,19.5,19.8,19.0,18.9,19.4,19.4,18.8,19.6,19.5,20.2,19.7,19.8,20.2,20.2,19.6,20.1,20.2,19.5,19.8,19.9,20.0,20.1,19.9,20.0,20.8,20.2,20.6,20.0,20.6,20.2,21.0,20.6,20.6,21.3,20.6,20.6,
2000-09-25,19.8,20.5,19.9,19.1,19.1,19.5,19.1,20.0,18.9,19.6,19.4,19.8,19.0,18.8,19.3,19.2,18.8,19.5,19.4,20.2,19.7,19.8,20.1,20.1,19.5,20.0,20.1,19.4,19.7,19.9,19.9,20.0,19.9,19.8,20.6,20.2,20.5,20.0,20.4,20.1,20.8,20.5,20.5,21.2,20.5,20.6,
2000-09-26,19.7,20.4,19.6,18.9,19.0,19.4,18.9,19.9,19.0,19.6,19.3,19.7,18.9,18.7,19.3,19.1,18.8,19.4,19.3,20.2,19.7,19.8,20.1,20.0,19.4,19.9,20.1,19.3,19.7,19.9,19.8,20.0,19.9,19.8,20.6,20.2,20.5,20.0,20.1,20.1,20.6,20.4,20.4,21.1,20.5,20.5,
2000-09-27,19.7,20.3,19.5,18.7,18.9,19.3,18.9,19.8,19.0,19.5,19.3,19.6,18.8,18.7,19.3,19.0,18.8,19.4,19.3,20.2,19.5,19.7,20.0,19.9,19.4,19.9,20.0,19.1,19.6,19.8,19.7,20.0,19.9,19.8,20.5,20.2,20.4,19.9,19.8,20.1,20.5,20.4,20.3,21.0,20.5,20.4,
2000-09-28,19.6,20.3,19.4,18.7,18.9,19.2,18.9,19.7,19.0,19.3,19.2,19.5,18.7,18.6,19.2,18.9,18.6,19.3,19.3,20.2,19.4,19.5,20.0,19.8,19.4,19.8,20.1,19.1,19.4,19.8,19.6,20.1,19.9,19.7,20.4,20.2,20.3,19.8,19.6,20.1,20.4,20.4,20.2,21.0,20.4,20.3,
2000-09-29,19.5,20.2,19.3,18.7,18.7,19.2,18.8,19.6,18.9,19.2,19.1,19.3,18.7,18.6,19.2,18.9,18.5,19.2,19.3,20.2,19.3,19.5,19.8,19.8,19.4,19.7,20.1,19.1,19.3,19.7,19.6,20.1,19.8,19.7,20.3,20.1,20.2,19.8,19.6,20.1,20.3,20.3,20.1,20.9,20.2,20.2,
2000-09-30,19.5,20.1,19.3,18.8,18.6,19.2,18.7,19.4,18.7,19.1,19.1,19.1,18.7,18.5,19.2,18.7,18.4,19.2,19.3,20.1,19.2,19.4,19.7,19.8,19.4,19.7,20.0,19.1,19.1,19.6,19.5,20.0,19.8,19.6,20.3,20.0,20.1,19.7,19.5,20.1,20.2,20.2,20.0,20.9,20.1,20.2,
2000-10-01,19.4,20.1,19.4,18.7,18.6,19.2,18.6,19.2,18.6,19.1,19.1,19.1,18.7,18.3,19.2,18.7,18.3,19.2,19.2,20.0,19.0,19.4,19.7,19.8,19.4,19.6,20.0,19.1,19.0,19.6,19.4,20.0,19.8,19.6,20.2,19.9,20.0,19.6,19.4,20.0,20.1,20.2,20.0,20.9,20.0,20.1,
2000-10-02,19.3,20.0,19.4,18.7,18.7,19.2,18.5,19.0,18.4,18.9,19.1,19.0,18.7,18.1,19.2,18.6,18.2,19.2,19.2,19.8,19.0,19.5,19.6,19.7,19.3,19.4,19.9,19.1,18.9,19.5,19.3,19.9,19.7,19.5,20.1,19.7,20.0,19.5,19.3,19.9,20.0,20.1,19.9,20.8,19.9,20.1,
2000-10-03,19.2,19.9,19.3,18.6,18.7,19.1,18.4,18.9,18.4,18.8,19.0,18.9,18.6,18.0,19.2,18.5,18.2,19.2,19.1,19.6,18.9,19.5,19.5,19.6,19.3,19.2,19.8,19.1,18.8,19.4,19.2,19.8,19.6,19.4,20.1,19.7,19.9,19.3,19.3,19.8,19.8,19.9,19.8,20.7,19.8,20.0,
2000-10-04,19.2,19.8,19.2,18.6,18.6,19.0,18.4,18.8,18.3,18.8,18.9,18.8,18.4,17.9,19.1,18.5,18.1,19.1,18.9,19.5,18.9,19.4,19.4,19.5,19.2,19.0,19.8,19.1,18.6,19.4,19.1,19.7,19.6,19.2,20.0,19.7,19.9,19.3,19.3,19.7,19.7,19.8,19.7,20.6,19.8,19.8,
2000-10-05,19.1,19.8,19.0,18.5,18.5,19.0,18.4,18.6,18.3,18.6,18.8,18.6,18.2,17.8,19.0,18.5,17.9,19.0,18.8,19.5,18.7,19.4,19.4,19.3,19.0,19.0,19.8,19.1,18.6,19.3,19.1,19.6,19.5,19.1,19.9,19.6,19.8,19.2,19.2,19.6,19.7,19.7,19.6,20.5,19.8,19.7,
2000-10-06,19.0,19.7,18.7,18.5,18.4,18.9,18.3,18.5,18.2,18.5,18.8,18.5,18.0,17.8,18.9,18.5,17.8,18.9,18.7,19.4,18.6,19.4,19.2,19.2,18.9,19.0,19.7,19.0,18.5,19.3,19.0,19.4,19.5,19.0,19.8,19.5,19.7,19.2,19.1,19.6,19.7,19.6,19.5,20.5,19.7,19.6,
2000-10-07,18.9,19.6,18.6,18.5,18.2,18.8,18.2,18.4,18.2,18.3,18.6,18.4,18.0,17.7,18.7,18.4,17.7,18.9,18.6,19.3,18.6,19.3,19.1,19.1,18.8,18.9,19.7,19.0,18.4,19.2,18.9,19.3,19.5,19.0,19.7,19.4,19.6,19.1,19.0,19.5,19.6,19.6,19.4,20.5,19.7,19.5,
2000-10-08,18.9,19.5,18.4,18.4,18.2,18.7,18.2,18.3,18.2,18.2,18.5,18.3,17.9,17.6,18.6,18.4,17.7,18.9,18.5,19.2,18.4,19.2,18.9,18.9,18.7,18.9,19.5,19.0,18.4,19.1,18.8,19.1,19.4,18.9,19.6,19.3,19.5,18.9,19.0,19.3,19.6,19.5,19.4,20.4,19.6,19.4,
2000-10-09,18.8,19.5,18.3,18.4,18.1,18.5,18.2,18.2,18.2,18.1,18.4,18.2,17.8,17.6,18.4,18.4,17.6,18.9,18.4,19.0,18.4,19.2,18.8,18.8,18.6,18.8,19.5,19.0,18.4,19.1,18.6,18.9,19.3,18.9,19.5,19.2,19.4,18.9,19.0,19.1,19.5,19.4,19.3,20.4,19.5,19.3,
2000-10-10,18.7,19.4,18.3,18.3,18.1,18.4,18.2,18.1,18.1,17.9,18.3,18.1,17.8,17.7,18.3,18.3,17.5,18.8,18.3,18.9,18.2,19.1,18.7,18.8,18.4,18.8,19.4,18.9,18.4,19.0,18.5,18.7,19.2,18.8,19.5,19.1,19.3,18.8,19.0,19.1,19.4,19.4,19.3,20.3,19.5,19.3,
2000-10-11,18.7,19.3,18.3,18.2,18.0,18.4,18.1,18.1,18.0,17.8,18.2,18.1,17.8,17.7,18.3,18.3,17.5,18.8,18.2,18.8,18.1,19.1,18.6,18.7,18.3,18.7,19.4,18.8,18.3,18.9,18.4,18.6,19.2,18.7,19.4,19.0,19.2,18.8,18.9,19.1,19.3,19.3,19.2,20.2,19.4,19.2,
2000-10-12,18.6,19.3,18.3,18.1,18.1,18.3,18.0,18.0,17.8,17.7,18.2,18.1,17.7,17.7,18.3,18.2,17.5,18.7,18.2,18.7,18.1,19.1,18.6,18.6,18.2,18.6,19.3,18.8,18.3,18.9,18.3,18.6,19.1,18.7,19.4,19.0,19.1,18.8,18.9,19.1,19.2,19.2,19.1,20.1,19.4,19.1,
2000-10-13,18.5,19.2,18.1,18.0,18.0,18.1,17.9,17.9,17.7,17.6,18.2,18.0,17.7,17.6,18.3,18.2,17.4,18.6,18.2,18.6,18.0,19.1,18.5,18.5,18.1,18.6,19.2,18.8,18.2,18.8,18.3,18.6,19.0,18.7,19.3,18.9,19.0,18.8,18.8,19.1,19.1,19.1,19.0,20.0,19.3,19.1,
2000-10-14,18.4,19.1,18.0,17.8,18.0,18.1,17.9,17.8,17.7,17.6,18.2,17.9,17.6,17.5,18.2,18.2,17.2,18.5,18.2,18.5,17.9,19.0,18.4,18.4,18.0,18.5,19.1,18.6,18.2,18.6,18.2,18.5,18.9,18.7,19.3,18.8,18.8,18.8,18.8,19.0,19.0,19.0,19.0,20.0,19.2,19.0,
2000-10-15,18.4,19.1,18.0,17.6,17.9,18.0,17.8,17.7,17.6,17.6,18.0,17.9,17.4,17.4,18.1,18.1,17.2,18.3,18.1,18.5,17.8,19.0,18.4,18.4,17.9,18.5,18.9,18.5,18.1,18.5,18.1,18.4,18.8,18.7,19.3,18.7,18.8,18.7,18.7,19.0,18.9,18.8,18.9,19.9,19.2,19.0,
2000-10-16,18.3,19.0,17.9,17.6,17.9,17.9,17.7,17.6,17.5,17.5,17.9,17.9,17.3,17.2,18.0,18.1,17.1,18.2,18.0,18.4,17.7,18.9,18.3,18.3,17.9,18.4,18.8,18.3,18.0,18.4,18.1,18.3,18.8,18.7,19.3,18.7,18.7,18.6,18.7,18.9,18.8,18.7,18.8,19.8,19.2,18.9,
2000-10-17,18.2,18.9,17.8,17.5,17.7,17.7,17.6,17.6,17.4,17.4,17.9,17.8,17.2,17.2,17.8,18.0,17.1,18.2,17.8,18.3,17.7,18.8,18.2,18.2,17.9,18.3,18.7,18.2,18.0,18.3,18.0,18.1,18.7,18.5,19.3,18.6,18.6,18.5,18.6,18.9,18.7,18.6,18.8,19.6,19.1,18.8,
2000-10-18,18.1,18.8,17.7,17.4,17.5,17.6,17.5,17.5,17.4,17.3,17.9,17.7,17.1,17.1,17.8,18.0,17.1,18.1,17.7,18.1,17.7,18.7,18.1,18.1,17.8,18.2,18.6,18.2,18.0,18.1,18.0,17.9,18.7,18.4,19.2,18.6,18.6,18.4,18.5,18.8,18.7,18.6,18.7,19.5,19.0,18.8,
2000-10-19,18.0,18.8,17.6,17.4,17.5,17.4,17.4,17.4,17.4,17.2,17.8,17.6,17.1,17.0,17.7,17.9,17.1,18.0,17.6,18.0,17.6,18.7,17.9,18.0,17.8,18.1,18.4,18.1,18.0,18.0,17.9,17.7,18.6,18.4,19.1,18.6,18.5,18.4,18.4,18.7,18.6,18.6,18.7,19.4,19.0,18.7,
2000-10-20,18.0,18.7,17.5,17.3,17.4,17.4,17.4,17.4,17.3,17.1,17.7,17.4,17.1,17.0,17.7,17.8,17.1,17.9,17.6,17.9,17.5,18.6,17.8,17.9,17.8,18.0,18.3,18.0,17.9,18.0,17.8,17.6,18.6,18.3,19.0,18.6,18.5,18.4,18.4,18.7,18.6,18.5,18.6,19.3,18.9,18.7,
2000-10-21,17.9,18.6,17.4,17.1,17.3,17.3,17.3,17.3,17.2,17.1,17.7,17.2,17.0,16.9,17.5,17.7,17.1,17.7,17.5,17.8,17.4,18.4,17.8,17.9,17.8,18.0,18.3,17.9,17.9,17.9,17.7,17.6,18.5,18.3,18.9,18.5,18.5,18.3,18.3,18.6,18.5,18.4,18.5,19.1,18.8,18.7,
2000-10-22,17.8,18.5,17.3,17.0,17.3,17.2,17.2,17.1,17.2,17.0,17.6,17.1,16.9,16.8,17.3,17.6,17.0,17.6,17.4,17.8,17.3,18.3,17.8,17.8,17.9,17.9,18.3,17.7,17.7,17.8,17.6,17.5,18.5,18.2,18.8,18.4,18.5,18.2,18.3,18.6,18.4,18.2,18.5,19.0,18.6,18.6,
2000-10-23,17.7,18.4,17.2,16.8,17.3,17.1,17.1,17.0,17.1,17.1,17.4,17.0,16.9,16.8,17.3,17.5,17.0,17.5,17.4,17.7,17.2,18.3,17.7,17.7,17.8,17.8,18.3,17.7,17.6,17.7,17.5,17.5,18.4,18.2,18.6,18.2,18.4,18.2,18.2,18.5,18.4,18.1,18.4,18.9,18.6,18.6,
2000-10-24,17.7,18.4,17.2,16.7,17.2,17.0,17.0,16.9,17.1,17.1,17.3,17.0,16.8,16.7,17.2,17.4,16.8,17.5,17.3,17.6,17.1,18.3,17.6,17.6,17.7,17.7,18.2,17.6,17.6,17.7,17.4,17.5,18.3,18.1,18.5,18.1,18.3,18.1,18.1,18.4,18.3,18.0,18.4,18.8,18.5,18.5,
2000-10-25,17.6,18.3,17.1,16.7,17.1,16.9,17.0,16.9,17.0,17.0,17.2,16.9,16.6,16.6,17.2,17.4,16.7,17.4,17.2,17.6,16.9,18.2,17.6,17.5,17.6,17.6,18.2,17.5,17.5,17.6,17.3,17.5,18.2,18.1,18.4,18.0,18.3,17.9,17.9,18.3,18.2,17.9,18.4,18.8,18.4,18.5,
2000-10-26,17.5,18.2,17.1,16.7,17.1,16.8,16.9,16.9,16.9,16.9,17.1,16.9,16.5,16.5,17.1,17.3,16.5,17.3,17.1,17.6,16.9,18.1,17.5,17.4,17.6,17.6,18.2,17.4,17.3,17.6,17.2,17.4,18.2,18.0,18.4,17.9,18.2,17.9,17.7,18.2,18.1,17.8,18.3,18.7,18.3,18.4,
2000-10-27,17.4,18.1,17.0,16.6,17.0,16.8,16.8,16.7,16.8,16.8,17.1,16.7,16.3,16.4,17.1,17.3,16.4,17.2,17.0,17.6,16.9,18.0,17.4,17.2,17.5,17.6,18.1,17.3,17.2,17.6,17.2,17.4,18.1,17.9,18.3,17.9,18.1,17.8,17.5,18.1,17.9,17.8,18.3,18.6,18.2,18.3,
2000-10-28,17.3,18.0,16.9,16.6,17.0,16.6,16.7,16.6,16.6,16.7,16.9,16.6,16.3,16.4,17.0,17.2,16.4,17.1,17.0,17.5,16.9,17.8,17.3,17.1,17.5,17.6,18.0,17.3,17.1,17.6,17.1,17.4,17.8,17.8,18.3,17.8,18.1,17.7,17.4,18.1,17.9,17.7,18.3,18.6,18.1,18.2,
2000-10-29,17.3,18.0,16.7,16.5,17.0,16.5,16.6,16.5,16.5,16.7,16.8,16.5,16.3,16.3,17.0,17.1,16.3,17.0,16.9,17.4,16.8,17.7,17.2,17.0,17.4,17.5,17.8,17.2,17.0,17.5,17.0,17.3,17.7,17.8,18.2,17.7,18.0,17.5,17.2,18.0,17.8,17.7,18.3,18.5,18.0,18.1,
2000-10-30,17.2,17.9,16.6,16.4,16.9,16.5,16.4,16.5,16.4,16.7,16.8,16.4,16.2,16.2,16.9,17.0,16.3,16.9,16.8,17.4,16.7,17.6,17.1,16.9,17.3,17.4,17.7,17.2,16.9,17.4,16.8,17.2,17.5,17.7,18.1,17.6,17.9,17.3,17.1,17.9,17.7,17.6,18.2,18.5,18.0,18.0,
2000-10-31,17.1,17.8,16.5,16.3,16.7,16.4,16.4,16.5,16.4,16.7,16.8,16.4,16.2,16.1,16.8,16.9,16.2,16.7,16.7,17.3,16.6,17.6,17.0,16.8,17.3,17.3,17.6,17.1,16.7,17.2,16.7,17.1,17.4,17.6,18.0,17.5,17.8,17.2,17.0,17.8,17.7,17.6,18.2,18.4,17.9,18.0,
2000-11-01,17.0,17.7,16.6,16.3,16.7,16.5,16.3,16.5,16.3,16.7,16.8,16.4,16.1,16.0,16.8,16.8,16.2,16.6,16.6,17.3,16.6,17.5,16.9,16.7,17.3,17.2,17.4,17.1,16.7,17.1,16.6,17.1,17.3,17.5,17.8,17.4,17.7,17.2,17.0,17.7,17.6,17.5,18.1,18.3,17.9,17.9,
2000-11-02,16.9,17.6,16.6,16.3,16.6,16.4,16.3,16.5,16.2,16.6,16.7,16.3,16.0,16.0,16.8,16.8,16.2,16.5,16.6,17.3,16.6,17.5,16.8,16.6,17.4,17.1,17.2,17.1,16.7,16.9,16.5,17.0,17.3,17.4,17.7,17.3,17.6,17.1,17.0,17.6,17.5,17.4,18.1,18.2,17.8,17.9,
2000-11-03,16.9,17.5,16.5,16.2,16.5,16.3,16.2,16.5,16.0,16.6,16.6,16.2,15.9,15.9,16.7,16.8,16.2,16.5,16.5,17.2,16.5,17.4,16.7,16.6,17.4,17.1,17.1,17.0,16.6,16.8,16.5,16.9,17.2,17.4,17.6,17.2,17.5,17.1,16.9,17.5,17.4,17.4,18.0,18.0,17.7,17.9,
2000-11-04,16.8,17.5,16.5,16.2,16.5,16.3,16.1,16.4,15.9,16.5,16.5,16.1,15.9,15.9,16.7,16.7,16.1,16.4,16.4,17.1,16.5,17.2,16.7,16.5,17.3,17.0,16.9,16.9,16.6,16.7,16.5,16.8,17.1,17.3,17.4,17.1,17.4,17.0,16.9,17.4,17.4,17.3,17.9,17.9,17.7,17.8,
2000-11-05,16.7,17.4,16.4,16.1,16.4,16.3,15.9,16.2,15.8,16.3,16.5,16.0,16.0,15.9,16.6,16.5,16.0,16.3,16.3,17.1,16.4,17.0,16.6,16.5,17.1,16.9,16.8,16.8,16.4,16.6,16.5,16.8,17.1,17.2,17.3,17.1,17.4,16.9,16.8,17.3,17.3,17.2,17.8,17.7,17.6,17.8,
2000-11-06,16.6,17.3,16.3,16.0,16.2,16.2,15.9,16.1,15.7,16.2,16.4,15.9,15.9,15.8,16.5,16.4,16.0,16.2,16.3,17.0,16.3,16.9,16.6,16.4,17.0,16.9,16.7,16.7,16.3,16.5,16.5,16.7,17.0,17.1,17.2,17.1,17.3,16.8,16.7,17.2,17.2,17.1,17.7,17.6,17.5,17.7,
2000-11-07,16.5,17.2,16.1,15.9,16.0,16.1,15.8,15.9,15.7,16.1,16.3,15.8,15.9,15.7,16.3,16.3,15.9,16.2,16.2,16.9,16.2,16.8,16.6,16.4,16.9,16.8,16.7,16.6,16.3,16.4,16.3,16.6,16.9,17.0,17.1,17.0,17.1,16.6,16.7,17.1,17.1,17.1,17.6,17.5,17.4,17.6,
2000-11-08,16.4,17.1,15.9,15.9,16.0,16.1,15.7,15.8,15.7,16.0,16.2,15.7,15.8,15.6,16.2,16.2,15.9,16.1,16.1,16.7,16.1,16.7,16.5,16.3,16.8,16.8,16.7,16.5,16.2,16.3,16.2,16.4,16.7,16.9,17.1,17.0,17.0,16.6,16.6,17.0,17.0,17.0,17.4,17.5,17.4,17.6,
2000-11-09,16.4,17.0,15.8,15.8,16.0,16.0,15.5,15.8,15.7,15.9,16.1,15.6,15.7,15.6,16.1,16.1,15.8,16.1,16.1,16.6,16.1,16.6,16.3,16.2,16.8,16.7,16.7,16.4,16.1,16.2,16.1,16.4,16.6,16.8,17.0,16.9,16.8,16.5,16.5,16.9,16.9,16.9,17.3,17.4,17.4,17.5,
2000-11-10,16.3,17.0,15.8,15.9,15.9,15.9,15.5,15.7,15.6,15.8,16.0,15.5,15.6,15.6,16.1,16.0,15.6,16.0,16.0,16.5,16.1,16.5,16.2,16.1,16.7,16.6,16.7,16.2,16.0,16.1,16.0,16.3,16.5,16.7,16.9,16.9,16.7,16.4,16.5,16.8,16.9,16.8,17.3,17.3,17.3,17.4,
2000-11-11,16.2,16.9,15.7,15.8,15.9,15.8,15.4,15.6,15.5,15.7,15.9,15.4,15.6,15.5,16.1,15.9,15.6,15.9,15.9,16.4,16.0,16.3,16.1,15.9,16.6,16.5,16.6,16.0,15.9,16.0,16.0,16.3,16.4,16.5,16.8,16.8,16.7,16.3,16.4,16.7,16.8,16.7,17.3,17.2,17.3,17.3,
2000-11-12,16.1,16.8,15.6,15.7,15.8,15.7,15.3,15.5,15.4,15.6,15.8,15.3,15.5,15.3,16.0,15.7,15.5,15.8,15.8,16.4,15.9,16.1,16.1,15.8,16.5,16.5,16.3,15.9,15.9,15.9,15.9,16.2,16.3,16.4,16.8,16.8,16.7,16.2,16.4,16.5,16.8,16.6,17.2,17.2,17.2,17.3,
2000-11-13,16.0,16.7,15.6,15.6,15.6,15.6,15.2,15.5,15.3,15.6,15.8,15.2,15.4,15.2,16.0,15.6,15.3,15.7,15.7,16.2,15.8,16.0,16.0,15.7,16.3,16.3,16.2,15.8,15.8,15.8,15.8,16.1,16.2,16.3,16.7,16.7,16.6,16.1,16.3,16.4,16.7,16.5,17.2,17.1,17.2,17.2,
2000-11-14,16.0,16.6,15.5,15.5,15.4,15.5,15.1,15.4,15.3,15.5,15.7,15.1,15.3,15.1,15.9,15.6,15.2,15.6,15.5,16.0,15.7,15.9,15.9,15.6,16.1,16.2,16.1,15.7,15.8,15.8,15.8,16.1,16.2,16.2,16.6,16.6,16.5,16.0,16.2,16.3,16.7,16.4,17.1,17.1,17.1,17.1,
2000-11-15,15.9,16.5,15.4,15.4,15.3,15.3,15.1,15.3,15.3,15.5,15.7,15.0,15.1,14.8,15.8,15.5,15.2,15.5,15.4,15.9,15.7,15.8,15.9,15.6,15.9,16.1,16.1,15.7,15.7,15.7,15.7,16.0,16.1,16.1,16.6,16.6,16.4,16.0,16.1,16.2,16.7,16.4,17.0,17.0,17.0,17.0,
2000-11-16,15.8,16.4,15.3,15.3,15.3,15.2,15.0,15.3,15.2,15.4,15.7,15.0,15.1,14.7,15.7,15.5,15.2,15.4,15.3,15.9,15.7,15.7,15.8,15.5,15.9,16.0,16.1,15.6,15.6,15.8,15.7,15.9,16.0,16.0,16.5,16.5,16.2,15.9,16.1,16.1,16.6,16.3,16.9,16.9,16.9,17.0,
2000-11-17,15.7,16.4,15.2,15.2,15.2,15.0,14.9,15.3,15.1,15.2,15.6,14.9,15.0,14.6,15.7,15.5,15.1,15.3,15.2,15.9,15.6,15.6,15.6,15.5,15.8,16.0,16.0,15.5,15.6,15.7,15.6,15.8,16.0,15.9,16.4,16.4,16.1,15.8,16.0,16.0,16.5,16.2,16.8,16.9,16.8,16.9,
2000-11-18,15.6,16.3,15.0,15.2,15.1,14.9,14.9,15.2,15.0,15.1,15.6,14.9,14.9,14.5,15.6,15.4,14.9,15.2,15.1,15.8,15.5,15.5,15.6,15.5,15.7,15.9,16.0,15.4,15.5,15.7,15.5,15.7,15.9,15.8,16.4,16.4,16.0,15.8,15.9,15.9,16.5,16.2,16.7,16.8,16.8,16.8,
2000-11-19,15.6,16.2,15.0,15.0,15.0,14.9,14.8,15.1,14.9,15.0,15.5,14.8,14.8,14.4,15.5,15.3,14.9,15.2,15.0,15.6,15.3,15.4,15.6,15.5,15.6,15.8,15.9,15.3,15.4,15.7,15.4,15.7,15.8,15.7,16.3,16.3,16.0,15.7,15.8,15.9,16.4,16.1,16.6,16.6,16.7,16.7,
2000-11-20,15.5,16.1,14.9,15.0,15.0,14.8,14.8,14.9,14.8,14.9,15.4,14.7,14.8,14.4,15.4,15.2,14.8,15.1,15.0,15.5,15.3,15.4,15.5,15.4,15.4,15.7,15.8,15.2,15.3,15.7,15.3,15.6,15.8,15.6,16.3,16.2,15.9,15.6,15.6,15.8,16.4,16.1,16.4,16.5,16.6,16.6,
2000-11-21,15.4,16.0,14.9,15.0,14.9,14.7,14.7,14.8,14.7,14.8,15.4,14.6,14.7,14.3,15.3,15.1,14.8,15.0,15.0,15.4,15.2,15.3,15.4,15.4,15.3,15.5,15.7,15.1,15.2,15.6,15.2,15.6,15.7,15.5,16.2,16.2,15.8,15.5,15.5,15.7,16.2,16.0,16.3,16.3,16.6,16.5,
2000-11-22,15.3,15.9,14.9,14.9,14.9,14.6,14.7,14.7,14.6,14.8,15.3,14.5,14.6,14.2,15.2,15.0,14.7,15.0,14.8,15.2,15.1,15.1,15.4,15.3,15.2,15.4,15.6,15.1,15.1,15.5,15.1,15.4,15.7,15.5,16.1,16.0,15.7,15.5,15.5,15.6,16.1,15.9,16.2,16.2,16.5,16.4,
2000-11-23,15.3,15.9,14.8,14.8,14.8,14.5,14.6,14.6,14.5,14.8,15.3,14.5,14.5,14.1,15.2,14.9,14.6,14.9,14.7,15.2,15.1,15.0,15.3,15.3,15.1,15.3,15.6,15.0,14.9,15.5,15.1,15.4,15.6,15.4,15.9,15.9,15.6,15.4,15.4,15.5,16.1,15.9,16.0,16.1,16.4,16.3,
2000-11-24,15.2,15.8,14.8,14.6,14.9,14.4,14.5,14.5,14.3,14.7,15.1,14.5,14.5,14.1,15.1,14.8,14.5,14.8,14.6,15.2,15.0,15.0,15.2,15.3,15.1,15.2,15.5,15.0,14.8,15.4,15.1,15.3,15.5,15.3,15.8,15.9,15.5,15.4,15.3,15.5,16.0,15.8,15.9,16.0,16.2,16.2,
2000-11-25,15.1,15.7,14.7,14.4,14.8,14.3,14.5,14.4,14.3,14.6,15.0,14.4,14.4,14.0,15.1,14.7,14.4,14.7,14.5,15.1,15.0,14.9,15.1,15.3,15.0,15.1,15.5,14.9,14.8,15.3,15.0,15.3,15.5,15.2,15.7,15.8,15.4,15.3,15.3,15.4,15.9,15.7,15.9,15.9,16.1,16.1,
2000-11-26,15.0,15.6,14.6,14.4,14.7,14.2,14.5,14.2,14.2,14.6,14.9,14.4,14.4,14.0,15.0,14.6,14.3,14.7,14.4,15.0,14.9,14.8,15.0,15.2,14.9,15.0,15.4,14.9,14.7,15.2,14.9,15.2,15.5,15.1,15.7,15.6,15.4,15.2,15.2,15.4,15.8,15.6,15.8,15.8,16.0,16.0,
2000-11-27,15.0,15.6,14.3,14.5,14.7,14.2,14.4,14.2,14.1,14.4,14.9,14.3,14.4,13.9,14.9,14.6,14.3,14.7,14.3,14.9,14.9,14.7,14.9,15.2,14.9,14.9,15.3,14.8,14.7,15.1,14.9,15.2,15.4,15.1,15.6,15.5,15.3,15.1,15.1,15.3,15.8,15.5,15.7,15.7,15.9,15.9,
2000-11-28,14.9,15.5,14.2,14.6,14.6,14.1,14.3,14.2,14.1,14.4,14.8,14.3,14.4,13.8,14.8,14.5,14.3,14.6,14.3,14.8,14.8,14.6,14.9,15.1,14.8,14.8,15.2,14.7,14.6,15.1,14.8,15.1,15.3,15.0,15.6,15.4,15.3,15.0,15.1,15.3,15.7,15.4,15.6,15.6,15.8,15.8,
2000-11-29,14.8,15.4,14.2,14.6,14.5,14.1,14.2,14.2,14.0,14.4,14.8,14.2,14.3,13.7,14.7,14.4,14.1,14.6,14.2,14.7,14.8,14.6,14.9,15.1,14.7,14.7,15.2,14.6,14.4,15.0,14.7,15.0,15.1,14.9,15.5,15.3,15.2,14.9,15.0,15.3,15.6,15.2,15.6,15.4,15.8,15.7,
2000-11-30,14.8,15.3,14.1,14.6,14.5,14.1,14.3,14.1,14.0,14.3,14.7,14.1,14.2,13.7,14.6,14.4,14.1,14.5,14.1,14.6,14.8,14.5,14.8,15.0,14.6,14.5,15.2,14.6,14.4,14.9,14.6,14.9,15.0,14.8,15.4,15.2,15.1,14.8,14.9,15.2,15.5,15.1,15.5,15.3,15.7,15.6,
2000-12-01,14.7,15.3,14.2,14.5,14.4,14.1,14.2,14.0,14.0,14.3,14.6,14.0,14.3,13.8,14.7,14.3,14.1,14.5,14.0,14.6,14.9,14.5,14.8,15.0,14.6,14.5,15.1,14.5,14.3,14.9,14.5,14.9,14.9,14.7,15.2,15.1,15.0,14.7,14.8,15.1,15.5,15.0,15.5,15.2,15.7,15.6,
2000-12-02,14.6,15.2,14.1,14.4,14.4,14.1,14.2,14.0,13.9,14.3,14.6,14.0,14.2,13.8,14.6,14.3,14.1,14.5,14.1,14.6,14.8,14.4,14.8,15.0,14.6,14.4,15.0,14.5,14.3,14.7,14.5,14.9,14.8,14.6,15.1,15.1,14.9,14.6,14.8,15.0,15.4,14.9,15.4,15.2,15.6,15.5,
2000-12-03,14.6,15.1,14.0,14.2,14.3,14.2,14.2,14.0,13.9,14.3,14.5,13.9,14.2,13.8,14.6,14.3,14.0,14.4,14.0,14.5,14.8,14.4,14.7,14.9,14.6,14.4,14.9,14.4,14.3,14.6,14.4,14.8,14.7,14.5,15.1,15.0,14.9,14.5,14.7,14.9,15.3,14.8,15.4,15.1,15.5,15.4,
2000-12-04,14.5,15.0,14.0,14.2,14.3,14.2,14.2,14.0,13.9,14.2,14.4,13.8,14.2,13.8,14.5,14.2,14.0,14.4,13.9,14.5,14.7,14.3,14.7,14.8,14.6,14.3,14.9,14.5,14.2,14.5,14.3,14.7,14.5,14.4,15.0,14.9,14.8,14.5,14.7,14.8,15.2,14.7,15.3,15.0,15.5,15.3,
2000-12-05,14.4,15.0,13.9,14.0,14.2,14.2,14.1,13.9,13.9,14.1,14.3,13.8,14.1,13.8,14.4,14.2,13.9,14.3,13.9,14.4,14.7,14.3,14.6,14.7,14.6,14.3,14.8,14.4,14.2,14.5,14.2,14.7,14.4,14.3,14.9,14.8,14.8,14.4,14.7,14.7,15.1,14.6,15.2,14.9,15.4,15.3,
2000-12-06,14.4,14.9,13.9,14.0,14.3,14.1,14.0,13.5,13.8,14.1,14.2,13.7,13.9,13.7,14.4,14.1,13.8,14.2,13.8,14.3,14.6,14.2,14.5,14.6,14.6,14.3,14.8,14.3,14.2,14.4,14.1,14.6,14.3,14.2,14.9,14.8,14.8,14.3,14.6,14.7,15.0,14.5,15.1,14.9,15.3,15.2,
2000-12-07,14.3,14.8,13.9,13.9,14.2,14.0,13.9,13.4,13.8,14.0,14.1,13.6,13.8,13.6,14.3,14.0,13.7,14.1,13.8,14.3,14.6,14.2,14.3,14.6,14.6,14.2,14.7,14.1,14.1,14.4,14.1,14.5,14.2,14.2,14.8,14.8,14.7,14.2,14.5,14.7,14.9,14.4,15.1,14.8,15.2,15.1,
2000-12-08,14.2,14.8,13.9,13.8,14.1,14.0,13.9,13.4,13.7,13.9,14.0,13.5,13.7,13.6,14.2,13.9,13.6,14.1,13.7,14.2,14.6,14.1,14.2,14.5,14.5,14.1,14.7,14.0,14.0,14.3,14.1,14.4,14.1,14.1,14.7,14.7,14.6,14.1,14.4,14.6,14.8,14.3,15.0,14.8,15.1,15.0,
2000-12-09,14.2,14.7,13.9,13.7,14.0,13.9,13.8,13.3,13.6,13.8,13.9,13.3,13.6,13.6,14.2,13.8,13.6,14.0,13.6,14.2,14.6,14.1,14.1,14.4,14.4,14.0,14.6,14.0,13.8,14.3,14.0,14.3,13.9,14.0,14.6,14.6,14.6,14.1,14.4,14.6,14.7,14.2,15.0,14.7,15.0,15.0,
2000-12-10,14.1,14.6,13.7,13.6,14.0,13.8,13.7,13.3,13.5,13.8,13.8,13.3,13.5,13.5,14.1,13.7,13.5,14.0,13.6,14.2,14.5,14.0,14.0,14.3,14.4,14.0,14.5,13.9,13.8,14.3,14.0,14.3,13.8,14.0,14.5,14.5,14.6,14.0,14.3,14.5,14.7,14.1,14.9,14.6,15.0,15.0,
2000-12-11,14.0,14.6,13.7,13.6,13.9,13.8,13.6,13.2,13.5,13.7,13.7,13.2,13.5,13.5,14.1,13.7,13.5,13.9,13.5,14.0,14.5,13.9,14.0,14.3,14.3,14.0,14.4,13.8,13.7,14.2,13.7,14.2,13.7,13.9,14.4,14.4,14.6,14.0,14.2,14.4,14.6,14.0,14.9,14.5,14.9,14.9,
2000-12-12,14.0,14.5,13.5,13.6,13.9,13.7,13.6,13.2,13.4,13.7,13.7,13.1,13.5,13.4,14.1,13.6,13.5,13.9,13.5,13.9,14.4,13.9,13.9,14.2,14.2,13.9,14.3,13.8,13.6,14.2,13.5,14.2,13.6,13.8,14.3,14.3,14.5,13.9,14.1,14.4,14.5,14.0,14.8,14.5,14.8,14.9,
2000-12-13,13.9,14.4,13.5,13.5,13.8,13.7,13.5,13.2,13.4,13.7,13.6,13.1,13.4,13.3,14.1,13.6,13.5,13.9,13.5,13.8,14.3,13.8,13.9,14.2,14.2,13.9,14.3,13.7,13.6,14.1,13.4,14.1,13.5,13.7,14.2,14.3,14.4,13.9,14.0,14.3,14.4,13.9,14.8,14.5,14.8,14.8,
2000-12-14,13.9,14.4,13.4,13.4,13.7,13.6,13.5,13.2,13.4,13.6,13.5,13.1,13.4,13.2,14.0,13.5,13.5,13.8,13.5,13.8,14.2,13.8,13.8,14.1,14.1,13.8,14.1,13.6,13.5,13.9,13.3,14.1,13.4,13.8,14.2,14.2,14.3,13.9,14.0,14.2,14.4,13.9,14.7,14.4,14.7,14.8,
2000-12-15,13.8,14.3,13.3,13.3,13.6,13.6,13.4,13.1,13.3,13.6,13.5,13.0,13.3,13.1,13.9,13.4,13.4,13.8,13.5,13.7,14.2,13.7,13.7,14.0,14.1,13.6,14.1,13.5,13.4,13.8,13.2,14.0,13.4,13.7,14.1,14.2,14.2,13.8,13.9,14.1,14.3,13.8,14.6,14.4,14.6,14.7,
2000-12-16,13.7,14.2,13.3,13.3,13.6,13.5,13.4,13.1,13.2,13.7,13.5,13.0,13.3,13.1,13.8,13.4,13.4,13.7,13.5,13.7,14.1,13.6,13.6,13.9,14.0,13.5,14.1,13.5,13.4,13.7,13.1,13.9,13.3,13.6,14.0,14.1,14.1,13.7,13.8,14.1,14.2,13.8,14.6,14.3,14.6,14.7,
2000-12-17,13.7,14.2,13.3,13.2,13.5,13.6,13.3,13.1,13.1,13.7,13.4,12.9,13.2,13.0,13.7,13.4,13.4,13.6,13.4,13.6,14.0,13.6,13.6,13.8,14.0,13.4,14.0,13.4,13.3,13.7,13.0,13.9,13.3,13.6,14.0,14.1,13.9,13.6,13.8,14.0,14.2,13.8,14.5,14.3,14.5,14.6,
2000-12-18,13.6,14.1,13.2,13.2,13.5,13.5,13.3,13.1,13.1,13.7,13.3,12.9,13.1,13.0,13.6,13.3,13.3,13.5,13.4,13.5,13.9,13.5,13.6,13.7,13.9,13.3,13.9,13.3,13.3,13.6,13.0,13.8,13.3,13.5,14.0,14.1,13.9,13.5,13.7,14.0,14.2,13.7,14.5,14.3,14.5,14.6,
2000-12-19,13.6,14.1,13.2,13.1,13.4,13.4,13.1,13.0,13.0,13.7,13.3,12.8,13.0,13.0,13.5,13.3,13.3,13.4,13.4,13.3,13.8,13.4,13.5,13.6,13.8,13.1,13.8,13.3,13.3,13.5,12.9,13.7,13.2,13.5,14.0,14.1,13.9,13.5,13.6,13.9,14.1,13.7,14.5,14.3,14.4,14.6,
2000-12-20,13.5,14.0,13.2,13.1,13.5,13.3,13.1,13.0,13.0,13.6,13.2,12.8,13.0,12.9,13.4,13.2,13.3,13.4,13.3,13.3,13.8,13.3,13.5,13.5,13.7,13.0,13.8,13.2,13.4,13.4,12.8,13.6,13.2,13.5,14.0,14.1,13.8,13.4,13.5,13.9,14.1,13.6,14.4,14.2,14.4,14.6,
2000-12-21,13.5,13.9,13.2,13.1,13.3,13.2,13.0,13.0,13.0,13.6,13.2,12.7,13.0,12.9,13.3,13.1,13.3,13.3,13.2,13.2,13.7,13.3,13.4,13.5,13.6,13.0,13.7,13.2,13.3,13.3,12.8,13.6,13.1,13.5,13.9,14.1,13.7,13.4,13.5,13.9,14.1,13.5,14.4,14.2,14.3,14.5,
2000-12-22,13.4,13.9,13.1,13.0,13.3,13.1,13.0,13.0,12.9,13.5,13.2,12.7,12.9,12.9,13.2,13.1,13.2,13.3,13.1,13.2,13.7,13.2,13.4,13.4,13.6,13.1,13.6,13.1,13.3,13.3,12.9,13.6,13.1,13.4,13.9,14.1,13.7,13.4,13.5,13.9,14.1,13.5,14.3,14.2,14.2,14.5,
2000-12-23,13.4,13.8,13.0,12.9,13.3,13.1,12.9,12.9,12.9,13.5,13.1,12.7,12.8,12.8,13.2,13.0,13.2,13.3,13.1,13.2,13.6,13.2,13.4,13.3,13.5,13.1,13.6,13.0,13.3,13.3,12.9,13.5,13.1,13.3,13.9,14.0,13.6,13.3,13.4,13.8,14.0,13.4,14.3,14.1,14.1,14.4,
2000-12-24,13.3,13.8,12.8,13.0,13.3,12.9,12.8,12.8,12.9,13.5,13.1,12.6,12.7,12.7,13.2,13.1,13.1,13.3,13.0,13.2,13.5,13.1,13.4,13.2,13.5,13.2,13.5,13.0,13.2,13.3,12.9,13.4,13.1,13.3,13.8,14.0,13.6,13.3,13.4,13.7,14.0,13.4,14.3,14.1,14.0,14.3,
2000-12-25,13.3,13.7,12.7,13.0,13.2,13.0,12.7,12.7,12.9,13.4,13.0,12.5,12.7,12.7,13.1,13.1,13.0,13.3,13.0,13.1,13.4,13.1,13.4,13.2,13.5,13.1,13.4,13.0,13.1,13.3,12.9,13.4,13.1,13.2,13.7,13.9,13.5,13.2,13.4,13.7,13.9,13.3,14.2,14.1,14.0,14.2,
2000-12-26,13.2,13.7,12.7,13.1,13.1,12.9,12.7,12.6,12.8,13.4,12.9,12.5,12.6,12.6,13.1,13.0,12.9,13.3,12.9,13.0,13.4,13.1,13.3,13.1,13.4,13.1,13.4,13.0,13.1,13.2,12.8,13.3,13.1,13.2,13.6,13.8,13.5,13.2,13.3,13.6,13.8,13.3,14.2,14.0,13.9,14.2,
2000-12-27,13.2,13.6,12.8,13.1,12.9,12.9,12.6,12.7,12.8,13.3,12.9,12.4,12.6,12.5,13.1,13.0,12.9,13.2,12.9,12.9,13.3,13.0,13.2,13.1,13.3,13.1,13.3,13.0,13.0,13.2,12.8,13.3,13.1,13.2,13.5,13.8,13.5,13.1,13.3,13.5,13.7,13.3,14.2,14.0,13.8,14.1,
2000-12-28,13.1,13.6,12.8,13.2,12.9,12.9,12.6,12.7,12.8,13.2,12.9,12.3,12.5,12.5,13.1,13.0,12.8,13.2,12.8,12.9,13.2,13.0,13.2,13.0,13.2,13.1,13.2,12.9,12.9,13.1,12.8,13.2,13.1,13.1,13.5,13.8,13.5,13.1,13.2,13.5,13.7,13.3,14.2,13.9,13.8,14.0,
2000-12-29,13.1,13.5,12.8,13.2,12.8,12.9,12.5,12.7,12.7,13.1,12.9,12.3,12.5,12.5,13.0,13.0,12.8,13.1,12.8,12.8,13.2,12.9,13.1,13.0,13.2,13.0,13.2,12.9,12.8,13.0,12.7,13.2,13.0,13.1,13.4,13.7,13.4,13.1,13.2,13.5,13.6,13.3,14.2,13.9,13.8,13.9,
2000-12-30,13.0,13.5,12.7,13.2,12.8,12.8,12.5,12.6,12.7,13.0,12.9,12.3,12.4,12.4,13.0,12.9,12.7,13.1,12.8,12.8,13.2,12.9,13.0,12.9,13.2,13.0,13.2,12.8,12.7,13.0,12.6,13.1,13.0,13.1,13.3,13.7,13.3,13.0,13.2,13.4,13.5,13.3,14.2,13.8,13.7,13.9,
2000-12-31,13.0,13.4,12.7,13.1,12.7,12.9,12.4,12.6,12.6,13.0,12.8,12.3,12.3,12.3,12.9,12.8,12.7,13.1,12.7,12.7,13.1,12.8,13.0,12.8,13.2,12.9,13.2,12.8,12.6,13.0,12.6,13.1,12.9,13.0,13.3,13.5,13.2,13.0,13.2,13.3,13.5,13.3,14.2,13.8,13.7,13.8,
